review_id,k,year,score,classification
CD000028,3,1985.0,0.0,Unstable
CD000028,4,1985.0,0.0,Unstable
CD000028,5,1986.0,0.0,Unstable
CD000028,6,1986.0,0.0,Unstable
CD000028,7,1986.0,0.0,Unstable
CD000028,8,1986.0,0.0,Unstable
CD000028,9,1989.0,0.0,Unstable
CD000028,10,1989.0,100.0,Robust
CD000028,11,1991.0,100.0,Robust
CD000028,12,1991.0,100.0,Robust
CD000028,13,1991.0,100.0,Robust
CD000028,14,1991.0,100.0,Robust
CD000028,15,1992.0,100.0,Robust
CD000028,16,1992.0,100.0,Robust
CD000028,17,1993.0,100.0,Robust
CD000028,18,1993.0,100.0,Robust
CD000028,19,1999.0,100.0,Robust
CD000028,20,0,100.0,Robust
CD000028,21,0,100.0,Robust
CD000143,3,1991.0,100.0,Robust
CD000143,4,1994.0,62.5,Fragile
CD000143,5,1994.0,37.5,Unstable
CD000143,6,1994.0,50.0,Fragile
CD000143,7,1995.0,75.0,Moderate
CD000143,8,1995.0,50.0,Fragile
CD000143,9,1995.0,25.0,Unstable
CD000143,10,1995.0,25.0,Unstable
CD000143,11,1998.0,37.5,Unstable
CD000143,12,1998.0,25.0,Unstable
CD000219,3,1981.0,0.0,Unstable
CD000219,4,1981.0,0.0,Unstable
CD000219,5,1981.0,0.0,Unstable
CD000219,6,1981.0,0.0,Unstable
CD000219,7,1985.0,0.0,Unstable
CD000219,8,1985.0,0.0,Unstable
CD000219,9,1985.0,0.0,Unstable
CD000219,10,1991.0,37.5,Unstable
CD000219,11,1991.0,100.0,Robust
CD000219,12,1991.0,75.0,Moderate
CD000219,13,1991.0,100.0,Robust
CD000219,14,2000.0,100.0,Robust
CD000219,15,2005.0,100.0,Robust
CD000219,16,2005.0,100.0,Robust
CD000219,17,2011.0,100.0,Robust
CD000219,18,2011.0,100.0,Robust
CD000219,19,2011.0,100.0,Robust
CD000219,20,2011.0,100.0,Robust
CD000219,21,2014.0,100.0,Robust
CD000478,3,2000.0,0.0,Unstable
CD000478,4,2000.0,50.0,Fragile
CD000478,5,2000.0,50.0,Fragile
CD000478,6,2000.0,100.0,Robust
CD000478,7,2002.0,100.0,Robust
CD000478,8,2012.0,100.0,Robust
CD000478,9,2017.0,100.0,Robust
CD000478,10,2017.0,100.0,Robust
CD000478,11,2017.0,100.0,Robust
CD000478,12,2022.0,100.0,Robust
CD000478,13,2023.0,100.0,Robust
CD000547,3,1994.0,62.5,Fragile
CD000547,4,1994.0,62.5,Fragile
CD000547,5,1994.0,62.5,Fragile
CD000547,6,1994.0,100.0,Robust
CD000547,7,1994.0,100.0,Robust
CD000547,8,1994.0,100.0,Robust
CD000547,9,1994.0,100.0,Robust
CD000547,10,1994.0,100.0,Robust
CD000547,11,1994.0,100.0,Robust
CD000547,12,1994.0,100.0,Robust
CD000547,13,1995.0,100.0,Robust
CD000547,14,1995.0,100.0,Robust
CD000547,15,1995.0,100.0,Robust
CD000547,16,1995.0,100.0,Robust
CD000547,17,1995.0,100.0,Robust
CD000547,18,1995.0,100.0,Robust
CD000547,19,1995.0,100.0,Robust
CD000547,20,1995.0,100.0,Robust
CD000547,21,1995.0,100.0,Robust
CD000547,22,1995.0,100.0,Robust
CD000547,23,1995.0,100.0,Robust
CD000547,24,1996.0,100.0,Robust
CD000547,25,1996.0,100.0,Robust
CD000547,26,1996.0,100.0,Robust
CD000547,27,1996.0,100.0,Robust
CD000547,28,1996.0,100.0,Robust
CD000547,29,1996.0,100.0,Robust
CD000547,30,1996.0,100.0,Robust
CD000547,31,1996.0,100.0,Robust
CD000547,32,1996.0,100.0,Robust
CD000547,33,1996.0,100.0,Robust
CD000547,34,1996.0,100.0,Robust
CD000547,35,1996.0,100.0,Robust
CD000547,36,1996.0,100.0,Robust
CD000547,37,1996.0,100.0,Robust
CD000547,38,2003.0,100.0,Robust
CD000547,39,2003.0,100.0,Robust
CD000547,40,2003.0,100.0,Robust
CD000547,41,2007.0,100.0,Robust
CD000547,42,2007.0,100.0,Robust
CD000547,43,2007.0,100.0,Robust
CD000547,44,2007.0,100.0,Robust
CD000547,45,2007.0,100.0,Robust
CD000547,46,2007.0,100.0,Robust
CD000547,47,2007.0,100.0,Robust
CD000547,48,2007.0,100.0,Robust
CD001155,3,1998.0,0.0,Unstable
CD001155,4,1999.0,0.0,Unstable
CD001155,5,2000.0,0.0,Unstable
CD001155,6,2000.0,0.0,Unstable
CD001155,7,2000.0,0.0,Unstable
CD001155,8,2000.0,0.0,Unstable
CD001155,9,2000.0,0.0,Unstable
CD001155,10,2000.0,0.0,Unstable
CD001155,11,2000.0,0.0,Unstable
CD001155,12,2002.0,0.0,Unstable
CD001155,13,2002.0,0.0,Unstable
CD001155,14,2002.0,0.0,Unstable
CD001155,15,2002.0,0.0,Unstable
CD001155,16,2003.0,0.0,Unstable
CD001155,17,2004.0,0.0,Unstable
CD001155,18,2004.0,0.0,Unstable
CD001155,19,2005.0,0.0,Unstable
CD001155,20,2005.0,0.0,Unstable
CD001155,21,2005.0,0.0,Unstable
CD001155,22,2005.0,0.0,Unstable
CD001155,23,2005.0,0.0,Unstable
CD001155,24,2005.0,0.0,Unstable
CD001155,25,2005.0,0.0,Unstable
CD001155,26,2005.0,0.0,Unstable
CD001155,27,2005.0,0.0,Unstable
CD001155,28,2005.0,0.0,Unstable
CD001155,29,2005.0,0.0,Unstable
CD001155,30,2005.0,0.0,Unstable
CD001155,31,2005.0,0.0,Unstable
CD001155,32,2006.0,0.0,Unstable
CD001155,33,2006.0,0.0,Unstable
CD001155,34,2007.0,0.0,Unstable
CD001155,35,2008.0,0.0,Unstable
CD001155,36,2008.0,0.0,Unstable
CD001155,37,2009.0,0.0,Unstable
CD001155,38,2009.0,0.0,Unstable
CD001155,39,2009.0,0.0,Unstable
CD001155,40,2010.0,0.0,Unstable
CD001155,41,2010.0,0.0,Unstable
CD001155,42,2011.0,0.0,Unstable
CD001155,43,2011.0,0.0,Unstable
CD001155,44,2011.0,0.0,Unstable
CD001155,45,2011.0,0.0,Unstable
CD001155,46,2011.0,0.0,Unstable
CD001155,47,2011.0,0.0,Unstable
CD001155,48,2011.0,0.0,Unstable
CD001155,49,2012.0,0.0,Unstable
CD001155,50,2012.0,0.0,Unstable
CD001155,51,2014.0,0.0,Unstable
CD001155,52,2015.0,0.0,Unstable
CD001155,53,2016.0,0.0,Unstable
CD001155,54,2016.0,0.0,Unstable
CD001155,55,2016.0,0.0,Unstable
CD001155,56,2016.0,25.0,Unstable
CD001155,57,2017.0,25.0,Unstable
CD001155,58,2017.0,25.0,Unstable
CD001155,59,2017.0,25.0,Unstable
CD001321,3,2004.0,25.0,Unstable
CD001321,4,2005.0,50.0,Fragile
CD001321,5,2007.0,25.0,Unstable
CD001321,6,2008.0,0.0,Unstable
CD001321,7,2009.0,62.5,Fragile
CD001321,8,2010.0,25.0,Unstable
CD001321,9,2010.0,37.5,Unstable
CD001321,10,2011.0,75.0,Moderate
CD001321,11,2011.0,25.0,Unstable
CD001321,12,2012.0,62.5,Fragile
CD001321,13,2012.0,62.5,Fragile
CD001321,14,2013.0,75.0,Moderate
CD001321,15,2014.0,75.0,Moderate
CD001321,16,2014.0,75.0,Moderate
CD001321,17,2014.0,75.0,Moderate
CD001321,18,2015.0,75.0,Moderate
CD001321,19,2015.0,75.0,Moderate
CD001321,20,2016.0,87.5,Moderate
CD001321,21,2016.0,87.5,Moderate
CD001321,22,2016.0,87.5,Moderate
CD001321,23,2016.0,87.5,Moderate
CD001321,24,2016.0,100.0,Robust
CD001321,25,2017.0,100.0,Robust
CD001321,26,2018.0,100.0,Robust
CD001321,27,2020.0,100.0,Robust
CD001396,3,1995.0,62.5,Fragile
CD001396,4,1996.0,100.0,Robust
CD001396,5,1997.0,100.0,Robust
CD001396,6,1997.0,100.0,Robust
CD001396,7,1997.0,100.0,Robust
CD001396,8,1998.0,100.0,Robust
CD001396,9,1998.0,100.0,Robust
CD001396,10,1998.0,100.0,Robust
CD001396,11,1999.0,100.0,Robust
CD001396,12,2001.0,100.0,Robust
CD001396,13,2001.0,100.0,Robust
CD001396,14,2002.0,100.0,Robust
CD001396,15,2004.0,100.0,Robust
CD001396,16,2004.0,100.0,Robust
CD001396,17,2004.0,100.0,Robust
CD001396,18,2004.0,100.0,Robust
CD001396,19,2005.0,100.0,Robust
CD001396,20,2005.0,100.0,Robust
CD001396,21,2005.0,100.0,Robust
CD001396,22,2005.0,100.0,Robust
CD001396,23,2006.0,100.0,Robust
CD001396,24,2006.0,100.0,Robust
CD001396,25,2007.0,100.0,Robust
CD001396,26,2007.0,100.0,Robust
CD001396,27,2008.0,100.0,Robust
CD001396,28,2008.0,100.0,Robust
CD001396,29,2013.0,100.0,Robust
CD001396,30,2015.0,100.0,Robust
CD001431,3,1997.0,0.0,Unstable
CD001431,4,1999.0,0.0,Unstable
CD001431,5,1999.0,0.0,Unstable
CD001431,6,1999.0,0.0,Unstable
CD001431,7,2000.0,0.0,Unstable
CD001431,8,2000.0,0.0,Unstable
CD001431,9,2000.0,0.0,Unstable
CD001431,10,2001.0,0.0,Unstable
CD001431,11,2001.0,0.0,Unstable
CD001431,12,2001.0,0.0,Unstable
CD001431,13,2001.0,0.0,Unstable
CD001431,14,2001.0,0.0,Unstable
CD001431,15,2001.0,0.0,Unstable
CD001431,16,2002.0,0.0,Unstable
CD001431,17,2002.0,0.0,Unstable
CD001431,18,2002.0,0.0,Unstable
CD001431,19,2003.0,0.0,Unstable
CD001431,20,2004.0,0.0,Unstable
CD001431,21,2004.0,12.5,Unstable
CD001431,22,2004.0,0.0,Unstable
CD001431,23,2007.0,0.0,Unstable
CD001431,24,2007.0,0.0,Unstable
CD001431,25,2007.0,0.0,Unstable
CD001431,26,2008.0,0.0,Unstable
CD001431,27,2008.0,0.0,Unstable
CD001431,28,2008.0,0.0,Unstable
CD001431,29,2009.0,0.0,Unstable
CD001431,30,2009.0,0.0,Unstable
CD001431,31,2009.0,0.0,Unstable
CD001431,32,2010.0,0.0,Unstable
CD001431,33,2010.0,0.0,Unstable
CD001431,34,2010.0,0.0,Unstable
CD001431,35,2010.0,0.0,Unstable
CD001431,36,2010.0,0.0,Unstable
CD001431,37,2010.0,0.0,Unstable
CD001431,38,2012.0,0.0,Unstable
CD001431,39,2012.0,0.0,Unstable
CD001431,40,2012.0,0.0,Unstable
CD001431,41,2012.0,0.0,Unstable
CD001431,42,2012.0,0.0,Unstable
CD001431,43,2012.0,0.0,Unstable
CD001431,44,2012.0,0.0,Unstable
CD001431,45,2012.0,0.0,Unstable
CD001431,46,2012.0,0.0,Unstable
CD001431,47,2013.0,0.0,Unstable
CD001431,48,2017.0,0.0,Unstable
CD001431,49,2017.0,0.0,Unstable
CD001431,50,2017.0,0.0,Unstable
CD001431,51,2018.0,0.0,Unstable
CD001431,52,2020.0,0.0,Unstable
CD001431,53,2021.0,0.0,Unstable
CD001431,54,2021.0,0.0,Unstable
CD001431,55,2021.0,0.0,Unstable
CD001431,56,2021.0,0.0,Unstable
CD001431,57,2021.0,0.0,Unstable
CD001431,58,2021.0,0.0,Unstable
CD001431,59,2022.0,0.0,Unstable
CD001431,60,2022.0,0.0,Unstable
CD001431,61,2022.0,0.0,Unstable
CD001533,3,1993.0,0.0,Unstable
CD001533,4,1993.0,0.0,Unstable
CD001533,5,1993.0,0.0,Unstable
CD001533,6,1993.0,0.0,Unstable
CD001533,7,1995.0,0.0,Unstable
CD001533,8,1995.0,0.0,Unstable
CD001533,9,1995.0,0.0,Unstable
CD001533,10,1995.0,0.0,Unstable
CD001533,11,1996.0,0.0,Unstable
CD001533,12,1996.0,0.0,Unstable
CD001533,13,1999.0,0.0,Unstable
CD001533,14,1999.0,0.0,Unstable
CD001533,15,2000.0,0.0,Unstable
CD001533,16,2000.0,0.0,Unstable
CD001533,17,2012.0,0.0,Unstable
CD001533,18,2012.0,0.0,Unstable
CD001533,19,2019.0,0.0,Unstable
CD001533,20,2019.0,50.0,Fragile
CD001533,21,2019.0,0.0,Unstable
CD001703,3,1990.0,0.0,Unstable
CD001703,4,1998.0,0.0,Unstable
CD001703,5,1999.0,0.0,Unstable
CD001703,6,1999.0,50.0,Fragile
CD001703,7,2005.0,100.0,Robust
CD001703,8,2007.0,100.0,Robust
CD001703,9,2007.0,100.0,Robust
CD001703,10,2009.0,100.0,Robust
CD001703,11,2009.0,100.0,Robust
CD001703,12,2009.0,100.0,Robust
CD001703,13,2010.0,100.0,Robust
CD001703,14,2010.0,100.0,Robust
CD001703,15,2014.0,100.0,Robust
CD001703,16,2015.0,100.0,Robust
CD001703,17,2016.0,100.0,Robust
CD001703,18,2016.0,100.0,Robust
CD001703,19,2018.0,100.0,Robust
CD001703,20,2020.0,100.0,Robust
CD001703,21,2020.0,100.0,Robust
CD001797,3,1996.0,50.0,Fragile
CD001797,4,2001.0,100.0,Robust
CD001797,5,2008.0,100.0,Robust
CD001837,3,1992.0,50.0,Fragile
CD001837,4,1993.0,100.0,Robust
CD001837,5,1994.0,100.0,Robust
CD001837,6,1994.0,100.0,Robust
CD001837,7,1997.0,100.0,Robust
CD001837,8,1997.0,100.0,Robust
CD001837,9,1997.0,100.0,Robust
CD001837,10,1997.0,100.0,Robust
CD001837,11,1998.0,100.0,Robust
CD001837,12,1998.0,100.0,Robust
CD001837,13,2000.0,100.0,Robust
CD001837,14,2000.0,100.0,Robust
CD001837,15,2000.0,100.0,Robust
CD001837,16,2002.0,100.0,Robust
CD001837,17,2002.0,100.0,Robust
CD001837,18,2002.0,100.0,Robust
CD001837,19,2003.0,100.0,Robust
CD001837,20,2003.0,100.0,Robust
CD001837,21,2003.0,100.0,Robust
CD001837,22,2003.0,100.0,Robust
CD001837,23,2004.0,100.0,Robust
CD001837,24,2004.0,100.0,Robust
CD001837,25,2005.0,100.0,Robust
CD001837,26,2005.0,100.0,Robust
CD001837,27,2005.0,100.0,Robust
CD001837,28,2005.0,100.0,Robust
CD001837,29,2005.0,100.0,Robust
CD001837,30,2005.0,100.0,Robust
CD001837,31,2005.0,100.0,Robust
CD001837,32,2006.0,100.0,Robust
CD001837,33,2006.0,100.0,Robust
CD001837,34,2007.0,100.0,Robust
CD001837,35,2007.0,100.0,Robust
CD001837,36,2008.0,100.0,Robust
CD001837,37,2009.0,100.0,Robust
CD001837,38,2010.0,100.0,Robust
CD001837,39,2010.0,100.0,Robust
CD001837,40,2011.0,100.0,Robust
CD001837,41,2011.0,100.0,Robust
CD001837,42,2015.0,100.0,Robust
CD001837,43,2017.0,100.0,Robust
CD001837,44,2017.0,100.0,Robust
CD001837,45,2018.0,100.0,Robust
CD001837,46,2019.0,100.0,Robust
CD001837,47,2020.0,100.0,Robust
CD001837,48,2020.0,100.0,Robust
CD001837,49,2022.0,100.0,Robust
CD001909,3,1989.0,0.0,Unstable
CD001909,4,1989.0,50.0,Fragile
CD001909,5,1990.0,50.0,Fragile
CD001909,6,1990.0,50.0,Fragile
CD001909,7,1993.0,100.0,Robust
CD001909,8,1993.0,100.0,Robust
CD001909,9,1993.0,50.0,Fragile
CD001909,10,1993.0,50.0,Fragile
CD001909,11,1993.0,100.0,Robust
CD001909,12,1993.0,100.0,Robust
CD001909,13,1993.0,100.0,Robust
CD001909,14,1993.0,100.0,Robust
CD001909,15,1993.0,100.0,Robust
CD001909,16,1994.0,100.0,Robust
CD001909,17,1994.0,100.0,Robust
CD001909,18,1996.0,100.0,Robust
CD001909,19,1996.0,100.0,Robust
CD001909,20,1999.0,100.0,Robust
CD001909,21,1999.0,100.0,Robust
CD001909,22,2007.0,100.0,Robust
CD001909,23,2007.0,100.0,Robust
CD001909,24,2010.0,100.0,Robust
CD001909,25,2010.0,100.0,Robust
CD002042,3,1992.0,37.5,Unstable
CD002042,4,1995.0,75.0,Moderate
CD002042,5,1997.0,87.5,Moderate
CD002042,6,1998.0,100.0,Robust
CD002042,7,1999.0,100.0,Robust
CD002042,8,1999.0,100.0,Robust
CD002042,9,1999.0,100.0,Robust
CD002042,10,1999.0,100.0,Robust
CD002042,11,2005.0,100.0,Robust
CD002042,12,2008.0,100.0,Robust
CD002042,13,2009.0,100.0,Robust
CD002042,14,2010.0,100.0,Robust
CD002042,15,2011.0,100.0,Robust
CD002042,16,2011.0,100.0,Robust
CD002042,17,2012.0,100.0,Robust
CD002042,18,2013.0,100.0,Robust
CD002042,19,2013.0,100.0,Robust
CD002042,20,2013.0,100.0,Robust
CD002042,21,2013.0,100.0,Robust
CD002042,22,2013.0,100.0,Robust
CD002042,23,2014.0,100.0,Robust
CD002042,24,2014.0,100.0,Robust
CD002042,25,2014.0,100.0,Robust
CD002042,26,2014.0,100.0,Robust
CD002042,27,2015.0,100.0,Robust
CD002042,28,2015.0,100.0,Robust
CD002042,29,2015.0,100.0,Robust
CD002042,30,2015.0,100.0,Robust
CD002042,31,2016.0,100.0,Robust
CD002042,32,2017.0,100.0,Robust
CD002042,33,2017.0,100.0,Robust
CD002042,34,2017.0,100.0,Robust
CD002042,35,2017.0,100.0,Robust
CD002042,36,2018.0,100.0,Robust
CD002042,37,2019.0,100.0,Robust
CD002042,38,2019.0,100.0,Robust
CD002042,39,2020.0,100.0,Robust
CD002042,40,2020.0,100.0,Robust
CD002042,41,2020.0,100.0,Robust
CD002042,42,2021.0,100.0,Robust
CD002042,43,2023.0,100.0,Robust
CD002042,44,0,100.0,Robust
CD002042,45,0,100.0,Robust
CD002042,46,0,100.0,Robust
CD002042,47,0,100.0,Robust
CD002042,48,0,100.0,Robust
CD002042,49,0,100.0,Robust
CD002042,50,0,100.0,Robust
CD002042,51,0,100.0,Robust
CD002042,52,0,100.0,Robust
CD002042,53,0,100.0,Robust
CD002112,3,2001.0,0.0,Unstable
CD002112,4,2005.0,12.5,Unstable
CD002112,5,2005.0,12.5,Unstable
CD002112,6,2007.0,12.5,Unstable
CD002112,7,2007.0,75.0,Moderate
CD002112,8,2008.0,62.5,Fragile
CD002112,9,2012.0,50.0,Fragile
CD002112,10,2013.0,62.5,Fragile
CD002112,11,2013.0,87.5,Moderate
CD002112,12,2016.0,87.5,Moderate
CD002112,13,2016.0,87.5,Moderate
CD002112,14,2017.0,100.0,Robust
CD002112,15,2019.0,100.0,Robust
CD002112,16,2020.0,100.0,Robust
CD002112,17,2021.0,100.0,Robust
CD002112,18,2021.0,100.0,Robust
CD002112,19,2021.0,100.0,Robust
CD002112,20,2022.0,100.0,Robust
CD002112,21,0,100.0,Robust
CD002115,3,2020.0,50.0,Fragile
CD002115,4,2021.0,62.5,Fragile
CD002115,5,2022.0,100.0,Robust
CD002122,3,2001.0,0.0,Unstable
CD002122,4,2001.0,0.0,Unstable
CD002122,5,2001.0,0.0,Unstable
CD002122,6,2001.0,0.0,Unstable
CD002122,7,2001.0,0.0,Unstable
CD002122,8,2001.0,0.0,Unstable
CD002122,9,2001.0,0.0,Unstable
CD002122,10,2001.0,0.0,Unstable
CD002122,11,2001.0,0.0,Unstable
CD002122,12,2002.0,0.0,Unstable
CD002122,13,2002.0,0.0,Unstable
CD002122,14,2002.0,25.0,Unstable
CD002122,15,2009.0,62.5,Fragile
CD002122,16,2009.0,87.5,Moderate
CD002122,17,2009.0,0.0,Unstable
CD002122,18,2012.0,0.0,Unstable
CD002122,19,2012.0,0.0,Unstable
CD002122,20,2012.0,25.0,Unstable
CD002122,21,2012.0,75.0,Moderate
CD002122,22,2012.0,62.5,Fragile
CD002122,23,2012.0,75.0,Moderate
CD002122,24,2012.0,75.0,Moderate
CD002122,25,2012.0,75.0,Moderate
CD002122,26,2012.0,75.0,Moderate
CD002122,27,2012.0,75.0,Moderate
CD002122,28,2016.0,75.0,Moderate
CD002122,29,2016.0,0.0,Unstable
CD002122,30,2016.0,0.0,Unstable
CD002122,31,2016.0,0.0,Unstable
CD002122,32,2016.0,0.0,Unstable
CD002122,33,2016.0,12.5,Unstable
CD002122,34,2018.0,0.0,Unstable
CD002122,35,2018.0,0.0,Unstable
CD002122,36,2018.0,0.0,Unstable
CD002122,37,2018.0,0.0,Unstable
CD002122,38,2018.0,0.0,Unstable
CD002122,39,2021.0,0.0,Unstable
CD002122,40,2021.0,0.0,Unstable
CD002122,41,2021.0,0.0,Unstable
CD002122,42,2021.0,0.0,Unstable
CD002122,43,2021.0,0.0,Unstable
CD002122,44,2021.0,0.0,Unstable
CD002122,45,2021.0,0.0,Unstable
CD002122,46,2021.0,0.0,Unstable
CD002122,47,2021.0,25.0,Unstable
CD002122,48,2021.0,25.0,Unstable
CD002122,49,0,0.0,Unstable
CD002122,50,0,0.0,Unstable
CD002122,51,0,0.0,Unstable
CD002122,52,0,0.0,Unstable
CD002122,53,0,0.0,Unstable
CD002122,54,0,0.0,Unstable
CD002122,55,0,0.0,Unstable
CD002122,56,0,0.0,Unstable
CD002203,3,2003.0,0.0,Unstable
CD002203,4,2003.0,0.0,Unstable
CD002203,5,2003.0,0.0,Unstable
CD002203,6,2003.0,0.0,Unstable
CD002203,7,2003.0,0.0,Unstable
CD002203,8,2003.0,0.0,Unstable
CD002203,9,2003.0,0.0,Unstable
CD002203,10,2003.0,0.0,Unstable
CD002203,11,2003.0,0.0,Unstable
CD002203,12,2003.0,0.0,Unstable
CD002203,13,2003.0,0.0,Unstable
CD002203,14,2003.0,0.0,Unstable
CD002203,15,2003.0,0.0,Unstable
CD002203,16,2003.0,0.0,Unstable
CD002203,17,2003.0,0.0,Unstable
CD002203,18,2003.0,0.0,Unstable
CD002203,19,2003.0,0.0,Unstable
CD002203,20,2003.0,0.0,Unstable
CD002203,21,2003.0,0.0,Unstable
CD002203,22,2006.0,0.0,Unstable
CD002203,23,2006.0,0.0,Unstable
CD002203,24,2006.0,0.0,Unstable
CD002203,25,2006.0,0.0,Unstable
CD002203,26,2006.0,0.0,Unstable
CD002203,27,2006.0,0.0,Unstable
CD002203,28,2006.0,0.0,Unstable
CD002203,29,2007.0,0.0,Unstable
CD002203,30,2010.0,0.0,Unstable
CD002203,31,2010.0,0.0,Unstable
CD002203,32,2010.0,0.0,Unstable
CD002203,33,2010.0,0.0,Unstable
CD002203,34,2010.0,0.0,Unstable
CD002203,35,2010.0,0.0,Unstable
CD002203,36,2010.0,0.0,Unstable
CD002203,37,2010.0,0.0,Unstable
CD002203,38,2010.0,0.0,Unstable
CD002203,39,2010.0,12.5,Unstable
CD002203,40,2010.0,25.0,Unstable
CD002203,41,2010.0,25.0,Unstable
CD002203,42,2010.0,25.0,Unstable
CD002203,43,2010.0,25.0,Unstable
CD002203,44,2018.0,25.0,Unstable
CD002203,45,2018.0,25.0,Unstable
CD002203,46,2018.0,25.0,Unstable
CD002203,47,2018.0,25.0,Unstable
CD002203,48,2018.0,25.0,Unstable
CD002203,49,2020.0,25.0,Unstable
CD002203,50,2020.0,25.0,Unstable
CD002243,3,1987.0,0.0,Unstable
CD002243,4,1987.0,0.0,Unstable
CD002243,5,1987.0,0.0,Unstable
CD002243,6,1987.0,0.0,Unstable
CD002243,7,1987.0,0.0,Unstable
CD002243,8,1987.0,0.0,Unstable
CD002243,9,1988.0,0.0,Unstable
CD002243,10,1988.0,0.0,Unstable
CD002243,11,1988.0,0.0,Unstable
CD002243,12,1996.0,0.0,Unstable
CD002243,13,1998.0,0.0,Unstable
CD002243,14,1998.0,0.0,Unstable
CD002243,15,1998.0,0.0,Unstable
CD002243,16,1998.0,0.0,Unstable
CD002243,17,1999.0,0.0,Unstable
CD002243,18,1999.0,0.0,Unstable
CD002243,19,1999.0,0.0,Unstable
CD002243,20,1999.0,0.0,Unstable
CD002243,21,1999.0,0.0,Unstable
CD002243,22,1999.0,0.0,Unstable
CD002243,23,1999.0,0.0,Unstable
CD002243,24,1999.0,0.0,Unstable
CD002243,25,2002.0,0.0,Unstable
CD002243,26,2002.0,0.0,Unstable
CD002243,27,2002.0,0.0,Unstable
CD002243,28,2002.0,0.0,Unstable
CD002243,29,2002.0,0.0,Unstable
CD002243,30,2002.0,0.0,Unstable
CD002243,31,2002.0,12.5,Unstable
CD002243,32,2005.0,25.0,Unstable
CD002243,33,2005.0,37.5,Unstable
CD002243,34,2005.0,25.0,Unstable
CD002243,35,2005.0,25.0,Unstable
CD002243,36,2005.0,37.5,Unstable
CD002243,37,2005.0,100.0,Robust
CD002243,38,2005.0,100.0,Robust
CD002243,39,2006.0,100.0,Robust
CD002243,40,2006.0,100.0,Robust
CD002243,41,2007.0,100.0,Robust
CD002243,42,2007.0,100.0,Robust
CD002243,43,2007.0,100.0,Robust
CD002243,44,2007.0,100.0,Robust
CD002243,45,2007.0,100.0,Robust
CD002243,46,2007.0,100.0,Robust
CD002243,47,2008.0,100.0,Robust
CD002243,48,2008.0,100.0,Robust
CD002243,49,2008.0,100.0,Robust
CD002243,50,2008.0,100.0,Robust
CD002243,51,2008.0,100.0,Robust
CD002243,52,2008.0,100.0,Robust
CD002243,53,2008.0,100.0,Robust
CD002243,54,2010.0,100.0,Robust
CD002243,55,2010.0,100.0,Robust
CD002243,56,2010.0,100.0,Robust
CD002243,57,2011.0,100.0,Robust
CD002243,58,2011.0,100.0,Robust
CD002243,59,2011.0,100.0,Robust
CD002243,60,2011.0,100.0,Robust
CD002243,61,2011.0,100.0,Robust
CD002243,62,2011.0,75.0,Moderate
CD002243,63,2011.0,75.0,Moderate
CD002243,64,2011.0,75.0,Moderate
CD002243,65,2011.0,75.0,Moderate
CD002243,66,2011.0,75.0,Moderate
CD002243,67,2011.0,0.0,Unstable
CD002243,68,2011.0,0.0,Unstable
CD002243,69,2011.0,0.0,Unstable
CD002243,70,2012.0,0.0,Unstable
CD002243,71,2012.0,25.0,Unstable
CD002243,72,2012.0,75.0,Moderate
CD002243,73,2013.0,75.0,Moderate
CD002243,74,2013.0,87.5,Moderate
CD002243,75,2013.0,100.0,Robust
CD002243,76,2014.0,100.0,Robust
CD002243,77,2014.0,100.0,Robust
CD002243,78,2014.0,100.0,Robust
CD002243,79,2014.0,100.0,Robust
CD002243,80,2014.0,100.0,Robust
CD002243,81,2014.0,100.0,Robust
CD002243,82,2014.0,100.0,Robust
CD002243,83,2014.0,75.0,Moderate
CD002243,84,2014.0,75.0,Moderate
CD002243,85,2015.0,100.0,Robust
CD002243,86,2015.0,100.0,Robust
CD002243,87,2015.0,100.0,Robust
CD002243,88,2015.0,100.0,Robust
CD002243,89,2016.0,100.0,Robust
CD002243,90,2016.0,87.5,Moderate
CD002243,91,2016.0,75.0,Moderate
CD002243,92,2016.0,75.0,Moderate
CD002243,93,2016.0,100.0,Robust
CD002243,94,2016.0,75.0,Moderate
CD002243,95,2016.0,75.0,Moderate
CD002243,96,2016.0,75.0,Moderate
CD002243,97,2016.0,75.0,Moderate
CD002243,98,2016.0,75.0,Moderate
CD002243,99,2016.0,75.0,Moderate
CD002243,100,2016.0,75.0,Moderate
CD002243,101,2017.0,75.0,Moderate
CD002243,102,2017.0,75.0,Moderate
CD002243,103,2017.0,62.5,Fragile
CD002243,104,2017.0,75.0,Moderate
CD002243,105,2017.0,75.0,Moderate
CD002243,106,2017.0,75.0,Moderate
CD002243,107,2017.0,75.0,Moderate
CD002243,108,2017.0,12.5,Unstable
CD002243,109,2017.0,25.0,Unstable
CD002243,110,2017.0,37.5,Unstable
CD002243,111,2017.0,0.0,Unstable
CD002243,112,2017.0,0.0,Unstable
CD002243,113,2018.0,0.0,Unstable
CD002243,114,2018.0,100.0,Robust
CD002243,115,2018.0,100.0,Robust
CD002243,116,2018.0,100.0,Robust
CD002243,117,2018.0,100.0,Robust
CD002243,118,2018.0,100.0,Robust
CD002243,119,2018.0,100.0,Robust
CD002243,120,2018.0,100.0,Robust
CD002243,121,2020.0,100.0,Robust
CD002243,122,2020.0,100.0,Robust
CD002243,123,2020.0,100.0,Robust
CD002243,124,2020.0,100.0,Robust
CD002243,125,2020.0,100.0,Robust
CD002243,126,2020.0,100.0,Robust
CD002243,127,2020.0,100.0,Robust
CD002243,128,2020.0,100.0,Robust
CD002243,129,2020.0,100.0,Robust
CD002243,130,2020.0,100.0,Robust
CD002243,131,2020.0,100.0,Robust
CD002243,132,2020.0,100.0,Robust
CD002243,133,2020.0,100.0,Robust
CD002243,134,2020.0,100.0,Robust
CD002243,135,2020.0,100.0,Robust
CD002243,136,2020.0,100.0,Robust
CD002243,137,2020.0,100.0,Robust
CD002243,138,2020.0,100.0,Robust
CD002243,139,2020.0,100.0,Robust
CD002243,140,2020.0,100.0,Robust
CD002243,141,2020.0,100.0,Robust
CD002243,142,2020.0,100.0,Robust
CD002243,143,2020.0,100.0,Robust
CD002243,144,2020.0,100.0,Robust
CD002243,145,2020.0,100.0,Robust
CD002243,146,2021.0,100.0,Robust
CD002243,147,2021.0,100.0,Robust
CD002243,148,2021.0,100.0,Robust
CD002243,149,2021.0,100.0,Robust
CD002243,150,2021.0,100.0,Robust
CD002243,151,2021.0,100.0,Robust
CD002243,152,2021.0,100.0,Robust
CD002243,153,2021.0,100.0,Robust
CD002243,154,2021.0,100.0,Robust
CD002243,155,2021.0,100.0,Robust
CD002243,156,2021.0,100.0,Robust
CD002243,157,2021.0,100.0,Robust
CD002243,158,2021.0,100.0,Robust
CD002243,159,2021.0,100.0,Robust
CD002243,160,2022.0,100.0,Robust
CD002243,161,2022.0,100.0,Robust
CD002243,162,2022.0,100.0,Robust
CD002243,163,2022.0,100.0,Robust
CD002243,164,2022.0,100.0,Robust
CD002243,165,2022.0,100.0,Robust
CD002243,166,2022.0,100.0,Robust
CD002243,167,2022.0,100.0,Robust
CD002243,168,2022.0,100.0,Robust
CD002243,169,2022.0,100.0,Robust
CD002243,170,2022.0,100.0,Robust
CD002243,171,2022.0,100.0,Robust
CD002243,172,2022.0,100.0,Robust
CD002243,173,2023.0,100.0,Robust
CD002243,174,2023.0,100.0,Robust
CD002243,175,2023.0,100.0,Robust
CD002243,176,2023.0,100.0,Robust
CD002243,177,2023.0,100.0,Robust
CD002243,178,2023.0,100.0,Robust
CD002243,179,2023.0,100.0,Robust
CD002243,180,2023.0,100.0,Robust
CD002290,3,1993.0,0.0,Unstable
CD002290,4,1993.0,0.0,Unstable
CD002290,5,1994.0,0.0,Unstable
CD002290,6,1994.0,0.0,Unstable
CD002290,7,1996.0,0.0,Unstable
CD002290,8,1996.0,37.5,Unstable
CD002290,9,2001.0,87.5,Moderate
CD002290,10,2001.0,100.0,Robust
CD002290,11,2006.0,100.0,Robust
CD002290,12,2006.0,100.0,Robust
CD002290,13,2006.0,100.0,Robust
CD002290,14,2006.0,100.0,Robust
CD002290,15,2016.0,100.0,Robust
CD002290,16,2016.0,100.0,Robust
CD002303,3,2013.0,50.0,Fragile
CD002303,4,2018.0,87.5,Moderate
CD002303,5,2019.0,100.0,Robust
CD002971,3,1984.0,50.0,Fragile
CD002971,4,1984.0,50.0,Fragile
CD002971,5,2005.0,50.0,Fragile
CD002971,6,2013.0,100.0,Robust
CD002971,7,2016.0,0.0,Unstable
CD002971,8,2016.0,100.0,Robust
CD002971,9,2024.0,100.0,Robust
CD002971,10,2024.0,100.0,Robust
CD003218,3,2007.0,0.0,Unstable
CD003218,4,2009.0,0.0,Unstable
CD003218,5,2012.0,0.0,Unstable
CD003331,3,1998.0,0.0,Unstable
CD003331,4,1999.0,0.0,Unstable
CD003331,5,2000.0,0.0,Unstable
CD003331,6,2000.0,0.0,Unstable
CD003331,7,2000.0,0.0,Unstable
CD003331,8,2002.0,0.0,Unstable
CD003331,9,2003.0,0.0,Unstable
CD003331,10,2005.0,0.0,Unstable
CD003331,11,2005.0,0.0,Unstable
CD003331,12,2007.0,0.0,Unstable
CD003331,13,2007.0,0.0,Unstable
CD003331,14,2008.0,0.0,Unstable
CD003331,15,2008.0,0.0,Unstable
CD003331,16,2009.0,0.0,Unstable
CD003331,17,2010.0,0.0,Unstable
CD003331,18,2010.0,0.0,Unstable
CD003331,19,2010.0,0.0,Unstable
CD003331,20,2010.0,0.0,Unstable
CD003331,21,2010.0,0.0,Unstable
CD003331,22,2011.0,0.0,Unstable
CD003331,23,2012.0,0.0,Unstable
CD003331,24,2012.0,0.0,Unstable
CD003331,25,2013.0,0.0,Unstable
CD003331,26,2016.0,0.0,Unstable
CD003331,27,2017.0,0.0,Unstable
CD003331,28,2017.0,0.0,Unstable
CD003331,29,2018.0,0.0,Unstable
CD003331,30,2018.0,0.0,Unstable
CD003331,31,2018.0,0.0,Unstable
CD003331,32,2019.0,0.0,Unstable
CD003331,33,2020.0,0.0,Unstable
CD003331,34,2021.0,0.0,Unstable
CD003331,35,2021.0,0.0,Unstable
CD003357,3,2010.0,25.0,Unstable
CD003357,4,2014.0,62.5,Fragile
CD003357,5,2014.0,100.0,Robust
CD003357,6,2017.0,100.0,Robust
CD003357,7,0,100.0,Robust
CD003376,3,2000.0,0.0,Unstable
CD003376,4,2000.0,0.0,Unstable
CD003376,5,2002.0,0.0,Unstable
CD003376,6,2005.0,0.0,Unstable
CD003376,7,0,0.0,Unstable
CD003376,8,0,0.0,Unstable
CD003376,9,0,0.0,Unstable
CD003376,10,0,0.0,Unstable
CD003376,11,0,0.0,Unstable
CD003376,12,0,0.0,Unstable
CD003376,13,0,0.0,Unstable
CD003376,14,0,0.0,Unstable
CD003376,15,0,0.0,Unstable
CD003414,3,2004.0,0.0,Unstable
CD003414,4,2006.0,0.0,Unstable
CD003414,5,2007.0,0.0,Unstable
CD003414,6,2015.0,0.0,Unstable
CD003414,7,2018.0,0.0,Unstable
CD003414,8,2018.0,0.0,Unstable
CD003414,9,2018.0,0.0,Unstable
CD003414,10,2019.0,0.0,Unstable
CD003414,11,2020.0,0.0,Unstable
CD003414,12,2020.0,0.0,Unstable
CD003414,13,2021.0,0.0,Unstable
CD003414,14,2021.0,0.0,Unstable
CD003414,15,2021.0,0.0,Unstable
CD003414,16,2022.0,0.0,Unstable
CD003429,3,2007.0,0.0,Unstable
CD003429,4,2011.0,0.0,Unstable
CD003429,5,2011.0,0.0,Unstable
CD003429,6,2011.0,0.0,Unstable
CD003477,3,2010.0,0.0,Unstable
CD003477,4,2010.0,0.0,Unstable
CD003477,5,2011.0,0.0,Unstable
CD003477,6,2012.0,0.0,Unstable
CD003477,7,2012.0,0.0,Unstable
CD003477,8,2013.0,0.0,Unstable
CD003477,9,2013.0,0.0,Unstable
CD003477,10,2015.0,0.0,Unstable
CD003477,11,2018.0,0.0,Unstable
CD003511,3,1964.0,0.0,Unstable
CD003511,4,1964.0,0.0,Unstable
CD003511,5,1965.0,0.0,Unstable
CD003511,6,1972.0,0.0,Unstable
CD003511,7,2005.0,0.0,Unstable
CD003511,8,2016.0,0.0,Unstable
CD003519,3,1976.0,0.0,Unstable
CD003519,4,1977.0,0.0,Unstable
CD003519,5,1978.0,0.0,Unstable
CD003519,6,1979.0,0.0,Unstable
CD003519,7,1996.0,0.0,Unstable
CD003519,8,1997.0,25.0,Unstable
CD003519,9,2003.0,37.5,Unstable
CD003519,10,2004.0,37.5,Unstable
CD003519,11,2005.0,100.0,Robust
CD003519,12,2005.0,100.0,Robust
CD003519,13,2009.0,100.0,Robust
CD003519,14,2011.0,100.0,Robust
CD003519,15,2015.0,100.0,Robust
CD003594,3,2009.0,0.0,Unstable
CD003594,4,2009.0,0.0,Unstable
CD003594,5,2009.0,0.0,Unstable
CD003594,6,2009.0,0.0,Unstable
CD003594,7,2009.0,25.0,Unstable
CD003594,8,2009.0,50.0,Fragile
CD003594,9,2009.0,50.0,Fragile
CD003594,10,2009.0,0.0,Unstable
CD003594,11,2010.0,25.0,Unstable
CD003598,3,1989.0,0.0,Unstable
CD003598,4,1990.0,0.0,Unstable
CD003598,5,1991.0,0.0,Unstable
CD003598,6,1992.0,0.0,Unstable
CD003598,7,1993.0,0.0,Unstable
CD003598,8,1993.0,0.0,Unstable
CD003598,9,1994.0,0.0,Unstable
CD003598,10,1994.0,0.0,Unstable
CD003598,11,1994.0,0.0,Unstable
CD003598,12,1994.0,0.0,Unstable
CD003598,13,1994.0,0.0,Unstable
CD003598,14,1998.0,0.0,Unstable
CD003598,15,1999.0,0.0,Unstable
CD003598,16,2000.0,0.0,Unstable
CD003598,17,2000.0,0.0,Unstable
CD003598,18,2002.0,0.0,Unstable
CD003598,19,2003.0,0.0,Unstable
CD003598,20,2011.0,100.0,Robust
CD003598,21,2011.0,100.0,Robust
CD003743,3,1999.0,50.0,Fragile
CD003743,4,1999.0,100.0,Robust
CD003743,5,1999.0,100.0,Robust
CD003743,6,1999.0,100.0,Robust
CD003774,3,1989.0,50.0,Fragile
CD003774,4,1992.0,100.0,Robust
CD003774,5,1992.0,100.0,Robust
CD003774,6,1992.0,100.0,Robust
CD003774,7,1993.0,100.0,Robust
CD003774,8,1993.0,100.0,Robust
CD003774,9,1993.0,100.0,Robust
CD003774,10,1993.0,100.0,Robust
CD003774,11,1993.0,100.0,Robust
CD003774,12,1994.0,100.0,Robust
CD003774,13,1994.0,100.0,Robust
CD003774,14,1994.0,100.0,Robust
CD003774,15,1995.0,100.0,Robust
CD003774,16,1995.0,100.0,Robust
CD003774,17,1995.0,100.0,Robust
CD003774,18,1995.0,100.0,Robust
CD003774,19,1995.0,100.0,Robust
CD003774,20,1995.0,100.0,Robust
CD003774,21,1995.0,100.0,Robust
CD003774,22,1995.0,100.0,Robust
CD003774,23,1995.0,100.0,Robust
CD003774,24,1996.0,100.0,Robust
CD003774,25,1996.0,100.0,Robust
CD003774,26,1997.0,100.0,Robust
CD003774,27,1997.0,100.0,Robust
CD003774,28,1997.0,100.0,Robust
CD003774,29,1997.0,100.0,Robust
CD003774,30,1997.0,100.0,Robust
CD003774,31,1997.0,100.0,Robust
CD003774,32,1997.0,100.0,Robust
CD003774,33,1997.0,100.0,Robust
CD003774,34,1997.0,100.0,Robust
CD003774,35,1997.0,100.0,Robust
CD003774,36,1999.0,100.0,Robust
CD003774,37,1999.0,100.0,Robust
CD003774,38,1999.0,100.0,Robust
CD003774,39,1999.0,100.0,Robust
CD003774,40,2002.0,100.0,Robust
CD003774,41,2002.0,100.0,Robust
CD003774,42,2002.0,100.0,Robust
CD003962,3,2003.0,0.0,Unstable
CD003962,4,2006.0,0.0,Unstable
CD003962,5,2013.0,0.0,Unstable
CD003962,6,2019.0,0.0,Unstable
CD004184,3,2008.0,0.0,Unstable
CD004184,4,2008.0,0.0,Unstable
CD004184,5,2009.0,0.0,Unstable
CD004184,6,2015.0,0.0,Unstable
CD004184,7,2021.0,0.0,Unstable
CD004307,3,2002.0,0.0,Unstable
CD004307,4,2002.0,0.0,Unstable
CD004307,5,2006.0,0.0,Unstable
CD004307,6,2007.0,0.0,Unstable
CD004307,7,2009.0,0.0,Unstable
CD004307,8,2009.0,37.5,Unstable
CD004307,9,2010.0,87.5,Moderate
CD004307,10,2013.0,100.0,Robust
CD004307,11,2014.0,100.0,Robust
CD004307,12,2014.0,100.0,Robust
CD004307,13,2014.0,100.0,Robust
CD004307,14,2014.0,100.0,Robust
CD004307,15,2015.0,100.0,Robust
CD004307,16,2015.0,100.0,Robust
CD004307,17,2015.0,100.0,Robust
CD004307,18,2015.0,100.0,Robust
CD004307,19,2016.0,100.0,Robust
CD004307,20,2016.0,100.0,Robust
CD004307,21,2016.0,100.0,Robust
CD004307,22,2017.0,100.0,Robust
CD004307,23,2017.0,100.0,Robust
CD004307,24,2017.0,100.0,Robust
CD004307,25,2017.0,100.0,Robust
CD004307,26,2017.0,100.0,Robust
CD004307,27,2018.0,100.0,Robust
CD004307,28,2018.0,100.0,Robust
CD004307,29,2018.0,100.0,Robust
CD004307,30,2019.0,100.0,Robust
CD004307,31,2019.0,100.0,Robust
CD004307,32,2019.0,100.0,Robust
CD004307,33,2020.0,100.0,Robust
CD004307,34,2020.0,100.0,Robust
CD004307,35,2020.0,100.0,Robust
CD004307,36,2021.0,100.0,Robust
CD004307,37,2022.0,100.0,Robust
CD004307,38,2023.0,100.0,Robust
CD004307,39,2024.0,100.0,Robust
CD004307,40,0,100.0,Robust
CD004307,41,0,100.0,Robust
CD004307,42,0,100.0,Robust
CD004376,3,1997.0,0.0,Unstable
CD004376,4,1998.0,0.0,Unstable
CD004376,5,1998.0,0.0,Unstable
CD004376,6,1999.0,0.0,Unstable
CD004376,7,1999.0,0.0,Unstable
CD004376,8,1999.0,0.0,Unstable
CD004376,9,2001.0,0.0,Unstable
CD004376,10,2001.0,0.0,Unstable
CD004376,11,2003.0,0.0,Unstable
CD004376,12,2003.0,0.0,Unstable
CD004376,13,2003.0,0.0,Unstable
CD004376,14,2003.0,0.0,Unstable
CD004376,15,2004.0,0.0,Unstable
CD004376,16,2005.0,0.0,Unstable
CD004376,17,2005.0,0.0,Unstable
CD004376,18,2006.0,0.0,Unstable
CD004376,19,2007.0,0.0,Unstable
CD004376,20,2007.0,0.0,Unstable
CD004376,21,2007.0,0.0,Unstable
CD004376,22,2008.0,0.0,Unstable
CD004376,23,2008.0,0.0,Unstable
CD004376,24,2008.0,0.0,Unstable
CD004376,25,2008.0,0.0,Unstable
CD004376,26,2009.0,0.0,Unstable
CD004376,27,2009.0,0.0,Unstable
CD004376,28,2009.0,0.0,Unstable
CD004376,29,2009.0,0.0,Unstable
CD004376,30,2010.0,0.0,Unstable
CD004376,31,2010.0,0.0,Unstable
CD004376,32,2011.0,0.0,Unstable
CD004376,33,2012.0,0.0,Unstable
CD004376,34,2012.0,0.0,Unstable
CD004376,35,2012.0,0.0,Unstable
CD004376,36,2012.0,0.0,Unstable
CD004376,37,2012.0,0.0,Unstable
CD004376,38,2013.0,0.0,Unstable
CD004376,39,2013.0,0.0,Unstable
CD004376,40,2013.0,0.0,Unstable
CD004376,41,2013.0,0.0,Unstable
CD004376,42,2013.0,0.0,Unstable
CD004376,43,2014.0,0.0,Unstable
CD004376,44,2014.0,0.0,Unstable
CD004376,45,2014.0,0.0,Unstable
CD004376,46,2014.0,0.0,Unstable
CD004376,47,2014.0,0.0,Unstable
CD004376,48,2015.0,0.0,Unstable
CD004376,49,2015.0,0.0,Unstable
CD004376,50,2015.0,0.0,Unstable
CD004376,51,2015.0,0.0,Unstable
CD004376,52,2015.0,0.0,Unstable
CD004376,53,2016.0,0.0,Unstable
CD004376,54,2016.0,0.0,Unstable
CD004376,55,2017.0,0.0,Unstable
CD004376,56,2017.0,0.0,Unstable
CD004376,57,2017.0,0.0,Unstable
CD004376,58,2017.0,0.0,Unstable
CD004376,59,2017.0,0.0,Unstable
CD004376,60,2018.0,0.0,Unstable
CD004376,61,2018.0,0.0,Unstable
CD004376,62,2018.0,0.0,Unstable
CD004376,63,2018.0,0.0,Unstable
CD004376,64,2018.0,0.0,Unstable
CD004376,65,2018.0,0.0,Unstable
CD004376,66,2019.0,0.0,Unstable
CD004376,67,2019.0,0.0,Unstable
CD004376,68,2019.0,0.0,Unstable
CD004376,69,2019.0,0.0,Unstable
CD004376,70,2019.0,0.0,Unstable
CD004376,71,2020.0,0.0,Unstable
CD004376,72,2020.0,0.0,Unstable
CD004376,73,2020.0,0.0,Unstable
CD004376,74,2020.0,0.0,Unstable
CD004376,75,2020.0,0.0,Unstable
CD004376,76,2020.0,0.0,Unstable
CD004376,77,2020.0,0.0,Unstable
CD004376,78,2020.0,0.0,Unstable
CD004376,79,2020.0,0.0,Unstable
CD004376,80,2021.0,0.0,Unstable
CD004376,81,2021.0,0.0,Unstable
CD004376,82,2021.0,0.0,Unstable
CD004376,83,2021.0,0.0,Unstable
CD004376,84,2021.0,0.0,Unstable
CD004376,85,2021.0,0.0,Unstable
CD004376,86,2021.0,0.0,Unstable
CD004376,87,2021.0,0.0,Unstable
CD004376,88,2021.0,0.0,Unstable
CD004376,89,2021.0,0.0,Unstable
CD004376,90,2022.0,0.0,Unstable
CD004376,91,2022.0,0.0,Unstable
CD004376,92,2022.0,0.0,Unstable
CD004376,93,2022.0,0.0,Unstable
CD004376,94,2022.0,0.0,Unstable
CD004376,95,2022.0,0.0,Unstable
CD004376,96,2022.0,0.0,Unstable
CD004376,97,2022.0,0.0,Unstable
CD004376,98,2023.0,0.0,Unstable
CD004376,99,2023.0,0.0,Unstable
CD004376,100,2023.0,0.0,Unstable
CD004376,101,2023.0,0.0,Unstable
CD004376,102,2023.0,0.0,Unstable
CD004376,103,2023.0,0.0,Unstable
CD004376,104,0,0.0,Unstable
CD004406,3,1991.0,0.0,Unstable
CD004406,4,1996.0,0.0,Unstable
CD004406,5,1997.0,0.0,Unstable
CD004406,6,2002.0,0.0,Unstable
CD004417,3,2001.0,87.5,Moderate
CD004417,4,2001.0,100.0,Robust
CD004417,5,2001.0,100.0,Robust
CD004417,6,2001.0,100.0,Robust
CD004417,7,2002.0,100.0,Robust
CD004417,8,2002.0,100.0,Robust
CD004417,9,2005.0,100.0,Robust
CD004417,10,2005.0,100.0,Robust
CD004417,11,2006.0,100.0,Robust
CD004417,12,2006.0,100.0,Robust
CD004417,13,2012.0,100.0,Robust
CD004417,14,2012.0,100.0,Robust
CD004417,15,2012.0,100.0,Robust
CD004417,16,2021.0,100.0,Robust
CD004417,17,2021.0,100.0,Robust
CD004508,3,2001.0,0.0,Unstable
CD004508,4,2009.0,0.0,Unstable
CD004508,5,2009.0,0.0,Unstable
CD004508,6,2015.0,0.0,Unstable
CD004661,3,2003.0,0.0,Unstable
CD004661,4,2003.0,0.0,Unstable
CD004661,5,2006.0,0.0,Unstable
CD004661,6,2006.0,0.0,Unstable
CD004661,7,2008.0,0.0,Unstable
CD004661,8,2008.0,0.0,Unstable
CD004661,9,2020.0,0.0,Unstable
CD004661,10,2020.0,0.0,Unstable
CD004661,11,2023.0,0.0,Unstable
CD004661,12,2023.0,0.0,Unstable
CD004667,3,1994.0,0.0,Unstable
CD004667,4,1995.0,0.0,Unstable
CD004667,5,1996.0,0.0,Unstable
CD004667,6,1996.0,0.0,Unstable
CD004667,7,2000.0,0.0,Unstable
CD004667,8,2000.0,0.0,Unstable
CD004667,9,2001.0,0.0,Unstable
CD004667,10,2001.0,0.0,Unstable
CD004667,11,2003.0,0.0,Unstable
CD004667,12,2011.0,0.0,Unstable
CD004667,13,2012.0,25.0,Unstable
CD004667,14,2013.0,37.5,Unstable
CD004667,15,2013.0,75.0,Moderate
CD004667,16,2020.0,75.0,Moderate
CD004736,3,1966.0,100.0,Robust
CD004736,4,1971.0,100.0,Robust
CD004736,5,1976.0,100.0,Robust
CD004736,6,1980.0,100.0,Robust
CD004736,7,1983.0,100.0,Robust
CD004736,8,1989.0,100.0,Robust
CD004736,9,1991.0,100.0,Robust
CD004736,10,1997.0,100.0,Robust
CD004736,11,1997.0,100.0,Robust
CD004736,12,2003.0,100.0,Robust
CD004736,13,2003.0,100.0,Robust
CD004736,14,2012.0,100.0,Robust
CD004762,3,2012.0,62.5,Fragile
CD004762,4,2018.0,62.5,Fragile
CD004762,5,2018.0,75.0,Moderate
CD004871,3,2014.0,12.5,Unstable
CD004871,4,2014.0,62.5,Fragile
CD004871,5,2014.0,87.5,Moderate
CD004925,3,1995.0,50.0,Fragile
CD004925,4,1995.0,100.0,Robust
CD004925,5,1995.0,100.0,Robust
CD004925,6,1995.0,100.0,Robust
CD004925,7,1996.0,100.0,Robust
CD004925,8,1996.0,100.0,Robust
CD004925,9,1996.0,100.0,Robust
CD004925,10,1998.0,100.0,Robust
CD004925,11,1998.0,100.0,Robust
CD004925,12,1998.0,100.0,Robust
CD004925,13,1998.0,100.0,Robust
CD004925,14,1998.0,100.0,Robust
CD004925,15,1998.0,100.0,Robust
CD004925,16,2000.0,100.0,Robust
CD004925,17,2000.0,100.0,Robust
CD004925,18,2000.0,100.0,Robust
CD004925,19,2005.0,100.0,Robust
CD004925,20,2005.0,100.0,Robust
CD004925,21,2013.0,100.0,Robust
CD004925,22,2013.0,100.0,Robust
CD004925,23,2013.0,100.0,Robust
CD004925,24,2016.0,100.0,Robust
CD004925,25,2016.0,100.0,Robust
CD004925,26,2016.0,100.0,Robust
CD004925,27,2020.0,100.0,Robust
CD004925,28,2020.0,100.0,Robust
CD004925,29,2020.0,100.0,Robust
CD004925,30,2022.0,100.0,Robust
CD004925,31,2022.0,100.0,Robust
CD004953,3,2015.0,0.0,Unstable
CD004953,4,2017.0,0.0,Unstable
CD004953,5,2017.0,0.0,Unstable
CD004953,6,2017.0,0.0,Unstable
CD004953,7,2017.0,0.0,Unstable
CD004953,8,2019.0,0.0,Unstable
CD004953,9,2019.0,0.0,Unstable
CD004953,10,2021.0,0.0,Unstable
CD004953,11,2021.0,0.0,Unstable
CD005133,3,1994.0,0.0,Unstable
CD005133,4,2001.0,50.0,Fragile
CD005133,5,2001.0,50.0,Fragile
CD005133,6,2006.0,0.0,Unstable
CD005133,7,2006.0,100.0,Robust
CD005133,8,2006.0,100.0,Robust
CD005133,9,2006.0,100.0,Robust
CD005133,10,2006.0,100.0,Robust
CD005133,11,2008.0,100.0,Robust
CD005133,12,2008.0,100.0,Robust
CD005133,13,2008.0,100.0,Robust
CD005133,14,2008.0,0.0,Unstable
CD005133,15,2008.0,0.0,Unstable
CD005133,16,2008.0,0.0,Unstable
CD005133,17,2008.0,0.0,Unstable
CD005133,18,2008.0,0.0,Unstable
CD005133,19,2008.0,0.0,Unstable
CD005133,20,2010.0,25.0,Unstable
CD005133,21,2010.0,75.0,Moderate
CD005133,22,2019.0,75.0,Moderate
CD005133,23,2019.0,75.0,Moderate
CD005133,24,2019.0,37.5,Unstable
CD005133,25,2019.0,0.0,Unstable
CD005133,26,2023.0,0.0,Unstable
CD005133,27,2023.0,0.0,Unstable
CD005133,28,2023.0,0.0,Unstable
CD005133,29,2023.0,0.0,Unstable
CD005133,30,2023.0,0.0,Unstable
CD005133,31,2023.0,37.5,Unstable
CD005133,32,2023.0,87.5,Moderate
CD005133,33,2023.0,87.5,Moderate
CD005133,34,2023.0,75.0,Moderate
CD005133,35,2023.0,0.0,Unstable
CD005133,36,2023.0,0.0,Unstable
CD005133,37,2023.0,0.0,Unstable
CD005133,38,2023.0,0.0,Unstable
CD005133,39,2023.0,50.0,Fragile
CD005187,3,2000.0,100.0,Robust
CD005187,4,2006.0,100.0,Robust
CD005187,5,2009.0,100.0,Robust
CD005343,3,2010.0,50.0,Fragile
CD005343,4,2010.0,100.0,Robust
CD005343,5,2010.0,50.0,Fragile
CD005343,6,2010.0,50.0,Fragile
CD005343,7,2015.0,87.5,Moderate
CD005343,8,2015.0,100.0,Robust
CD005343,9,2015.0,100.0,Robust
CD005343,10,2015.0,100.0,Robust
CD005343,11,2015.0,100.0,Robust
CD005343,12,2015.0,100.0,Robust
CD005343,13,2015.0,100.0,Robust
CD005343,14,2015.0,100.0,Robust
CD005343,15,2016.0,100.0,Robust
CD005343,16,2016.0,100.0,Robust
CD005343,17,2016.0,100.0,Robust
CD005343,18,2016.0,100.0,Robust
CD005343,19,2016.0,100.0,Robust
CD005343,20,2016.0,100.0,Robust
CD005343,21,2016.0,100.0,Robust
CD005343,22,2016.0,100.0,Robust
CD005343,23,2016.0,100.0,Robust
CD005343,24,2016.0,100.0,Robust
CD005343,25,2016.0,100.0,Robust
CD005343,26,2016.0,100.0,Robust
CD005343,27,2016.0,100.0,Robust
CD005343,28,2016.0,100.0,Robust
CD005343,29,2016.0,100.0,Robust
CD005343,30,2016.0,100.0,Robust
CD005343,31,2016.0,100.0,Robust
CD005495,3,2002.0,0.0,Unstable
CD005495,4,2005.0,0.0,Unstable
CD005495,5,2009.0,0.0,Unstable
CD005495,6,2009.0,0.0,Unstable
CD005495,7,2012.0,0.0,Unstable
CD005495,8,2014.0,0.0,Unstable
CD005495,9,2019.0,0.0,Unstable
CD005566,3,1997.0,0.0,Unstable
CD005566,4,1998.0,0.0,Unstable
CD005566,5,1999.0,0.0,Unstable
CD005566,6,2001.0,0.0,Unstable
CD005566,7,2003.0,0.0,Unstable
CD005566,8,2005.0,0.0,Unstable
CD005566,9,2005.0,0.0,Unstable
CD005566,10,2005.0,0.0,Unstable
CD005566,11,2006.0,0.0,Unstable
CD005566,12,2007.0,0.0,Unstable
CD005566,13,2007.0,0.0,Unstable
CD005566,14,2007.0,0.0,Unstable
CD005566,15,2009.0,0.0,Unstable
CD005566,16,2009.0,0.0,Unstable
CD005566,17,2011.0,0.0,Unstable
CD005566,18,2011.0,0.0,Unstable
CD005566,19,2012.0,0.0,Unstable
CD005566,20,2012.0,0.0,Unstable
CD005566,21,2012.0,100.0,Robust
CD005566,22,2012.0,100.0,Robust
CD005566,23,2013.0,100.0,Robust
CD005566,24,2015.0,75.0,Moderate
CD005566,25,2017.0,75.0,Moderate
CD005566,26,2018.0,75.0,Moderate
CD005566,27,2019.0,75.0,Moderate
CD005566,28,2020.0,75.0,Moderate
CD005595,3,1987.0,0.0,Unstable
CD005595,4,1989.0,0.0,Unstable
CD005595,5,1993.0,0.0,Unstable
CD005595,6,1996.0,0.0,Unstable
CD005595,7,1996.0,0.0,Unstable
CD005595,8,2016.0,0.0,Unstable
CD005595,9,2016.0,0.0,Unstable
CD005595,10,2016.0,0.0,Unstable
CD005595,11,2020.0,0.0,Unstable
CD005595,12,2020.0,0.0,Unstable
CD005595,13,2020.0,0.0,Unstable
CD005595,14,2020.0,0.0,Unstable
CD005595,15,2020.0,0.0,Unstable
CD005595,16,2021.0,0.0,Unstable
CD005595,17,0,0.0,Unstable
CD005595,18,0,0.0,Unstable
CD005595,19,0,0.0,Unstable
CD005595,20,0,0.0,Unstable
CD005595,21,0,0.0,Unstable
CD005595,22,0,0.0,Unstable
CD005595,23,0,0.0,Unstable
CD005595,24,0,0.0,Unstable
CD005595,25,0,0.0,Unstable
CD005595,26,0,0.0,Unstable
CD005595,27,0,0.0,Unstable
CD005595,28,0,0.0,Unstable
CD005595,29,0,0.0,Unstable
CD005595,30,0,0.0,Unstable
CD005595,31,0,0.0,Unstable
CD005595,32,0,0.0,Unstable
CD005951,3,2006.0,50.0,Fragile
CD005951,4,2008.0,0.0,Unstable
CD005951,5,2012.0,0.0,Unstable
CD005951,6,2012.0,0.0,Unstable
CD005951,7,2019.0,0.0,Unstable
CD006023,3,2002.0,75.0,Moderate
CD006023,4,2003.0,75.0,Moderate
CD006023,5,2003.0,100.0,Robust
CD006023,6,2004.0,100.0,Robust
CD006023,7,2004.0,100.0,Robust
CD006023,8,2005.0,100.0,Robust
CD006023,9,2005.0,100.0,Robust
CD006023,10,2006.0,100.0,Robust
CD006023,11,2007.0,100.0,Robust
CD006023,12,2008.0,100.0,Robust
CD006023,13,2008.0,100.0,Robust
CD006023,14,2009.0,100.0,Robust
CD006023,15,2009.0,100.0,Robust
CD006023,16,2010.0,100.0,Robust
CD006023,17,2011.0,100.0,Robust
CD006023,18,2012.0,100.0,Robust
CD006124,3,2005.0,0.0,Unstable
CD006124,4,2006.0,0.0,Unstable
CD006124,5,2010.0,0.0,Unstable
CD006124,6,2017.0,0.0,Unstable
CD006140,3,0,25.0,Unstable
CD006140,4,0,62.5,Fragile
CD006140,5,0,75.0,Moderate
CD006140,6,0,75.0,Moderate
CD006140,7,0,87.5,Moderate
CD006140,8,0,100.0,Robust
CD006185,3,2002.0,0.0,Unstable
CD006185,4,2002.0,0.0,Unstable
CD006185,5,2002.0,0.0,Unstable
CD006185,6,2004.0,0.0,Unstable
CD006185,7,2004.0,0.0,Unstable
CD006185,8,2004.0,0.0,Unstable
CD006185,9,2005.0,0.0,Unstable
CD006185,10,2005.0,0.0,Unstable
CD006185,11,2005.0,0.0,Unstable
CD006185,12,2006.0,0.0,Unstable
CD006185,13,2006.0,0.0,Unstable
CD006185,14,2006.0,0.0,Unstable
CD006185,15,2006.0,0.0,Unstable
CD006185,16,2006.0,0.0,Unstable
CD006185,17,2007.0,75.0,Moderate
CD006185,18,2007.0,100.0,Robust
CD006185,19,2007.0,100.0,Robust
CD006185,20,2007.0,100.0,Robust
CD006185,21,2008.0,100.0,Robust
CD006185,22,2008.0,100.0,Robust
CD006185,23,2008.0,100.0,Robust
CD006185,24,2008.0,100.0,Robust
CD006185,25,2008.0,100.0,Robust
CD006185,26,2008.0,100.0,Robust
CD006185,27,2008.0,100.0,Robust
CD006185,28,2008.0,100.0,Robust
CD006185,29,2009.0,100.0,Robust
CD006185,30,2009.0,100.0,Robust
CD006185,31,2009.0,100.0,Robust
CD006185,32,2011.0,100.0,Robust
CD006185,33,2011.0,100.0,Robust
CD006185,34,2011.0,100.0,Robust
CD006185,35,2011.0,100.0,Robust
CD006185,36,2011.0,100.0,Robust
CD006185,37,2012.0,100.0,Robust
CD006185,38,2012.0,100.0,Robust
CD006185,39,2012.0,100.0,Robust
CD006185,40,2015.0,100.0,Robust
CD006185,41,2015.0,100.0,Robust
CD006185,42,2015.0,100.0,Robust
CD006185,43,2016.0,100.0,Robust
CD006185,44,2016.0,100.0,Robust
CD006185,45,2016.0,100.0,Robust
CD006185,46,2016.0,100.0,Robust
CD006185,47,2016.0,100.0,Robust
CD006185,48,2016.0,100.0,Robust
CD006185,49,2016.0,100.0,Robust
CD006185,50,2018.0,100.0,Robust
CD006185,51,2018.0,100.0,Robust
CD006185,52,2018.0,100.0,Robust
CD006185,53,2018.0,100.0,Robust
CD006185,54,2019.0,100.0,Robust
CD006185,55,2019.0,100.0,Robust
CD006185,56,2020.0,100.0,Robust
CD006185,57,2021.0,100.0,Robust
CD006185,58,2021.0,100.0,Robust
CD006185,59,2021.0,100.0,Robust
CD006185,60,2021.0,100.0,Robust
CD006185,61,2021.0,100.0,Robust
CD006185,62,2021.0,100.0,Robust
CD006185,63,2021.0,100.0,Robust
CD006185,64,2021.0,100.0,Robust
CD006185,65,2021.0,100.0,Robust
CD006185,66,2021.0,100.0,Robust
CD006185,67,2022.0,100.0,Robust
CD006185,68,2022.0,100.0,Robust
CD006185,69,2023.0,100.0,Robust
CD006185,70,2023.0,100.0,Robust
CD006185,71,2024.0,100.0,Robust
CD006185,72,2024.0,100.0,Robust
CD006185,73,2024.0,100.0,Robust
CD006185,74,2024.0,100.0,Robust
CD006185,75,2024.0,100.0,Robust
CD006185,76,2024.0,100.0,Robust
CD006185,77,2024.0,100.0,Robust
CD006185,78,2024.0,100.0,Robust
CD006257,3,1994.0,0.0,Unstable
CD006257,4,1995.0,0.0,Unstable
CD006257,5,1995.0,0.0,Unstable
CD006257,6,1996.0,50.0,Fragile
CD006257,7,1996.0,0.0,Unstable
CD006257,8,1996.0,0.0,Unstable
CD006257,9,1998.0,0.0,Unstable
CD006404,3,1996.0,0.0,Unstable
CD006404,4,1996.0,0.0,Unstable
CD006404,5,1996.0,0.0,Unstable
CD006404,6,1996.0,0.0,Unstable
CD006404,7,1996.0,0.0,Unstable
CD006404,8,1998.0,0.0,Unstable
CD006404,9,1998.0,0.0,Unstable
CD006404,10,1998.0,0.0,Unstable
CD006404,11,1998.0,0.0,Unstable
CD006404,12,1998.0,0.0,Unstable
CD006404,13,1998.0,0.0,Unstable
CD006404,14,2010.0,0.0,Unstable
CD006404,15,2010.0,0.0,Unstable
CD006404,16,2010.0,0.0,Unstable
CD006404,17,2010.0,0.0,Unstable
CD006404,18,2010.0,0.0,Unstable
CD006404,19,2011.0,0.0,Unstable
CD006404,20,2011.0,0.0,Unstable
CD006404,21,2011.0,0.0,Unstable
CD006404,22,2011.0,0.0,Unstable
CD006404,23,2011.0,0.0,Unstable
CD006404,24,2011.0,0.0,Unstable
CD006404,25,2011.0,0.0,Unstable
CD006404,26,2011.0,0.0,Unstable
CD006404,27,2011.0,0.0,Unstable
CD006404,28,2011.0,0.0,Unstable
CD006404,29,2011.0,0.0,Unstable
CD006404,30,2011.0,0.0,Unstable
CD006404,31,2011.0,0.0,Unstable
CD006404,32,2011.0,0.0,Unstable
CD006404,33,2011.0,0.0,Unstable
CD006404,34,2011.0,0.0,Unstable
CD006404,35,2011.0,0.0,Unstable
CD006404,36,2011.0,0.0,Unstable
CD006404,37,2011.0,0.0,Unstable
CD006404,38,2011.0,0.0,Unstable
CD006404,39,2011.0,0.0,Unstable
CD006404,40,2011.0,0.0,Unstable
CD006404,41,2011.0,0.0,Unstable
CD006404,42,2011.0,0.0,Unstable
CD006404,43,2011.0,0.0,Unstable
CD006404,44,2011.0,0.0,Unstable
CD006404,45,2011.0,0.0,Unstable
CD006404,46,2012.0,0.0,Unstable
CD006404,47,2012.0,0.0,Unstable
CD006404,48,2012.0,0.0,Unstable
CD006404,49,2012.0,0.0,Unstable
CD006404,50,2012.0,0.0,Unstable
CD006404,51,2012.0,0.0,Unstable
CD006404,52,2012.0,0.0,Unstable
CD006404,53,2012.0,0.0,Unstable
CD006404,54,2012.0,0.0,Unstable
CD006404,55,2012.0,0.0,Unstable
CD006404,56,2012.0,0.0,Unstable
CD006404,57,2012.0,0.0,Unstable
CD006404,58,2012.0,0.0,Unstable
CD006404,59,2012.0,0.0,Unstable
CD006404,60,2012.0,0.0,Unstable
CD006404,61,2012.0,0.0,Unstable
CD006404,62,2012.0,0.0,Unstable
CD006404,63,2012.0,0.0,Unstable
CD006404,64,2012.0,0.0,Unstable
CD006404,65,2015.0,0.0,Unstable
CD006404,66,2015.0,0.0,Unstable
CD006404,67,2015.0,0.0,Unstable
CD006404,68,2015.0,0.0,Unstable
CD006404,69,2015.0,0.0,Unstable
CD006404,70,2015.0,0.0,Unstable
CD006404,71,2015.0,0.0,Unstable
CD006404,72,2015.0,0.0,Unstable
CD006404,73,2015.0,0.0,Unstable
CD006404,74,2015.0,0.0,Unstable
CD006404,75,2015.0,0.0,Unstable
CD006404,76,2016.0,0.0,Unstable
CD006404,77,2016.0,0.0,Unstable
CD006404,78,2016.0,0.0,Unstable
CD006404,79,2016.0,0.0,Unstable
CD006404,80,2016.0,0.0,Unstable
CD006404,81,2016.0,0.0,Unstable
CD006404,82,2016.0,0.0,Unstable
CD006404,83,2016.0,0.0,Unstable
CD006404,84,2016.0,0.0,Unstable
CD006404,85,2016.0,0.0,Unstable
CD006404,86,2016.0,0.0,Unstable
CD006404,87,2016.0,0.0,Unstable
CD006404,88,2016.0,0.0,Unstable
CD006404,89,2016.0,0.0,Unstable
CD006404,90,2016.0,0.0,Unstable
CD006404,91,2016.0,0.0,Unstable
CD006404,92,2016.0,0.0,Unstable
CD006404,93,2016.0,0.0,Unstable
CD006404,94,2016.0,0.0,Unstable
CD006404,95,2016.0,12.5,Unstable
CD006404,96,2018.0,0.0,Unstable
CD006404,97,2018.0,12.5,Unstable
CD006404,98,2018.0,25.0,Unstable
CD006404,99,2018.0,0.0,Unstable
CD006404,100,2018.0,0.0,Unstable
CD006404,101,2018.0,0.0,Unstable
CD006404,102,2018.0,0.0,Unstable
CD006404,103,2018.0,0.0,Unstable
CD006404,104,2018.0,0.0,Unstable
CD006404,105,2018.0,0.0,Unstable
CD006404,106,2018.0,12.5,Unstable
CD006404,107,2018.0,25.0,Unstable
CD006404,108,2018.0,25.0,Unstable
CD006404,109,2018.0,25.0,Unstable
CD006404,110,2018.0,0.0,Unstable
CD006404,111,2018.0,0.0,Unstable
CD006404,112,2018.0,0.0,Unstable
CD006475,3,2006.0,0.0,Unstable
CD006475,4,2006.0,0.0,Unstable
CD006475,5,2007.0,0.0,Unstable
CD006475,6,2007.0,0.0,Unstable
CD006475,7,2007.0,0.0,Unstable
CD006475,8,2008.0,0.0,Unstable
CD006475,9,2008.0,0.0,Unstable
CD006475,10,2008.0,12.5,Unstable
CD006475,11,2008.0,12.5,Unstable
CD006475,12,2008.0,62.5,Fragile
CD006475,13,2009.0,37.5,Unstable
CD006475,14,2009.0,62.5,Fragile
CD006475,15,2009.0,37.5,Unstable
CD006475,16,2009.0,100.0,Robust
CD006475,17,2009.0,87.5,Moderate
CD006475,18,2010.0,100.0,Robust
CD006475,19,2010.0,100.0,Robust
CD006475,20,2010.0,100.0,Robust
CD006475,21,2011.0,100.0,Robust
CD006475,22,2011.0,100.0,Robust
CD006475,23,2012.0,100.0,Robust
CD006475,24,2014.0,100.0,Robust
CD006475,25,2014.0,100.0,Robust
CD006475,26,2020.0,100.0,Robust
CD006475,27,2020.0,100.0,Robust
CD006515,3,1994.0,0.0,Unstable
CD006515,4,1999.0,0.0,Unstable
CD006515,5,1999.0,0.0,Unstable
CD006536,3,2005.0,0.0,Unstable
CD006536,4,2006.0,0.0,Unstable
CD006536,5,2006.0,0.0,Unstable
CD006536,6,2006.0,0.0,Unstable
CD006536,7,2006.0,0.0,Unstable
CD006536,8,2006.0,0.0,Unstable
CD006536,9,2007.0,0.0,Unstable
CD006536,10,2007.0,0.0,Unstable
CD006536,11,2008.0,0.0,Unstable
CD006536,12,2009.0,0.0,Unstable
CD006536,13,2009.0,0.0,Unstable
CD006536,14,2009.0,0.0,Unstable
CD006536,15,2009.0,0.0,Unstable
CD006536,16,2009.0,0.0,Unstable
CD006536,17,2009.0,0.0,Unstable
CD006536,18,2009.0,0.0,Unstable
CD006536,19,2010.0,0.0,Unstable
CD006536,20,2010.0,0.0,Unstable
CD006536,21,2010.0,0.0,Unstable
CD006536,22,2010.0,0.0,Unstable
CD006536,23,2010.0,0.0,Unstable
CD006536,24,2011.0,0.0,Unstable
CD006536,25,2011.0,0.0,Unstable
CD006536,26,2011.0,0.0,Unstable
CD006536,27,2013.0,0.0,Unstable
CD006536,28,2013.0,0.0,Unstable
CD006536,29,2013.0,0.0,Unstable
CD006536,30,2014.0,0.0,Unstable
CD006536,31,2015.0,0.0,Unstable
CD006536,32,2015.0,0.0,Unstable
CD006536,33,2016.0,0.0,Unstable
CD006536,34,2017.0,0.0,Unstable
CD006536,35,2017.0,0.0,Unstable
CD006536,36,2017.0,0.0,Unstable
CD006536,37,2018.0,0.0,Unstable
CD006536,38,2018.0,0.0,Unstable
CD006536,39,2018.0,0.0,Unstable
CD006536,40,2018.0,0.0,Unstable
CD006536,41,2020.0,0.0,Unstable
CD006536,42,2020.0,0.0,Unstable
CD006536,43,2021.0,0.0,Unstable
CD006632,3,1997.0,25.0,Unstable
CD006632,4,1999.0,50.0,Fragile
CD006632,5,2000.0,62.5,Fragile
CD006632,6,2000.0,75.0,Moderate
CD006632,7,2000.0,75.0,Moderate
CD006632,8,2002.0,75.0,Moderate
CD006632,9,2002.0,75.0,Moderate
CD006632,10,2003.0,87.5,Moderate
CD006632,11,2003.0,75.0,Moderate
CD006632,12,2004.0,87.5,Moderate
CD006632,13,2008.0,87.5,Moderate
CD006632,14,2009.0,100.0,Robust
CD006632,15,2011.0,100.0,Robust
CD006632,16,2013.0,100.0,Robust
CD006632,17,2014.0,100.0,Robust
CD006632,18,2016.0,100.0,Robust
CD006632,19,0,100.0,Robust
CD006632,20,0,100.0,Robust
CD006632,21,0,100.0,Robust
CD006632,22,0,100.0,Robust
CD006632,23,0,100.0,Robust
CD006689,3,2017.0,0.0,Unstable
CD006689,4,2024.0,50.0,Fragile
CD006689,5,2024.0,50.0,Fragile
CD006913,3,2007.0,0.0,Unstable
CD006913,4,2011.0,0.0,Unstable
CD006913,5,2014.0,0.0,Unstable
CD006913,6,2014.0,0.0,Unstable
CD006913,7,2014.0,0.0,Unstable
CD006913,8,2015.0,25.0,Unstable
CD006913,9,2015.0,37.5,Unstable
CD006913,10,2015.0,25.0,Unstable
CD006913,11,2015.0,12.5,Unstable
CD006913,12,2016.0,0.0,Unstable
CD006913,13,2016.0,25.0,Unstable
CD006913,14,2017.0,25.0,Unstable
CD006913,15,2019.0,25.0,Unstable
CD006913,16,2019.0,25.0,Unstable
CD006913,17,2019.0,25.0,Unstable
CD006913,18,2019.0,37.5,Unstable
CD006913,19,2020.0,37.5,Unstable
CD006913,20,2020.0,37.5,Unstable
CD006913,21,2020.0,37.5,Unstable
CD006913,22,2021.0,37.5,Unstable
CD006913,23,2021.0,37.5,Unstable
CD006913,24,2021.0,37.5,Unstable
CD006913,25,2021.0,50.0,Fragile
CD006913,26,2021.0,50.0,Fragile
CD006913,27,2022.0,50.0,Fragile
CD006913,28,2022.0,75.0,Moderate
CD006913,29,2022.0,62.5,Fragile
CD006919,3,1988.0,0.0,Unstable
CD006919,4,1988.0,0.0,Unstable
CD006919,5,1989.0,0.0,Unstable
CD006919,6,1990.0,0.0,Unstable
CD006919,7,1991.0,0.0,Unstable
CD006919,8,1991.0,0.0,Unstable
CD006919,9,1992.0,0.0,Unstable
CD006919,10,1992.0,0.0,Unstable
CD006919,11,1992.0,0.0,Unstable
CD006919,12,1993.0,0.0,Unstable
CD006919,13,1995.0,62.5,Fragile
CD006919,14,1996.0,25.0,Unstable
CD006919,15,2001.0,62.5,Fragile
CD006919,16,2003.0,100.0,Robust
CD006919,17,2009.0,100.0,Robust
CD006919,18,2012.0,100.0,Robust
CD006919,19,2014.0,100.0,Robust
CD007024,3,2004.0,0.0,Unstable
CD007024,4,2004.0,0.0,Unstable
CD007024,5,2008.0,0.0,Unstable
CD007024,6,2008.0,0.0,Unstable
CD007024,7,2008.0,0.0,Unstable
CD007024,8,2008.0,0.0,Unstable
CD007024,9,2008.0,0.0,Unstable
CD007024,10,2008.0,0.0,Unstable
CD007024,11,2008.0,0.0,Unstable
CD007024,12,2008.0,0.0,Unstable
CD007024,13,2008.0,0.0,Unstable
CD007024,14,2008.0,0.0,Unstable
CD007024,15,2008.0,0.0,Unstable
CD007024,16,2013.0,0.0,Unstable
CD007024,17,2013.0,0.0,Unstable
CD007024,18,2013.0,0.0,Unstable
CD007026,3,2012.0,0.0,Unstable
CD007026,4,2012.0,0.0,Unstable
CD007026,5,2012.0,0.0,Unstable
CD007026,6,2012.0,0.0,Unstable
CD007026,7,2014.0,0.0,Unstable
CD007079,3,1994.0,0.0,Unstable
CD007079,4,1995.0,0.0,Unstable
CD007079,5,1996.0,0.0,Unstable
CD007079,6,1997.0,0.0,Unstable
CD007079,7,1997.0,0.0,Unstable
CD007079,8,1999.0,0.0,Unstable
CD007079,9,2006.0,0.0,Unstable
CD007079,10,2009.0,37.5,Unstable
CD007130,3,1993.0,0.0,Unstable
CD007130,4,2000.0,0.0,Unstable
CD007130,5,2000.0,0.0,Unstable
CD007130,6,2002.0,0.0,Unstable
CD007130,7,2002.0,0.0,Unstable
CD007130,8,2002.0,0.0,Unstable
CD007130,9,2003.0,0.0,Unstable
CD007130,10,2005.0,0.0,Unstable
CD007130,11,2006.0,0.0,Unstable
CD007130,12,2007.0,0.0,Unstable
CD007130,13,2007.0,0.0,Unstable
CD007130,14,2009.0,0.0,Unstable
CD007130,15,2010.0,0.0,Unstable
CD007130,16,2011.0,0.0,Unstable
CD007130,17,2012.0,0.0,Unstable
CD007130,18,2012.0,0.0,Unstable
CD007130,19,2014.0,25.0,Unstable
CD007130,20,2014.0,50.0,Fragile
CD007130,21,2014.0,37.5,Unstable
CD007130,22,2014.0,0.0,Unstable
CD007130,23,2016.0,0.0,Unstable
CD007130,24,2016.0,0.0,Unstable
CD007130,25,2017.0,0.0,Unstable
CD007130,26,2109.0,0.0,Unstable
CD007310,3,2014.0,0.0,Unstable
CD007310,4,2014.0,0.0,Unstable
CD007310,5,2015.0,0.0,Unstable
CD007310,6,2015.0,0.0,Unstable
CD007310,7,2015.0,0.0,Unstable
CD007374,3,2011.0,0.0,Unstable
CD007374,4,2012.0,0.0,Unstable
CD007374,5,2012.0,0.0,Unstable
CD007374,6,2019.0,0.0,Unstable
CD007491,3,2000.0,0.0,Unstable
CD007491,4,2005.0,0.0,Unstable
CD007491,5,2008.0,0.0,Unstable
CD007491,6,2009.0,0.0,Unstable
CD007491,7,2009.0,0.0,Unstable
CD007491,8,2021.0,0.0,Unstable
CD007569,3,2011.0,0.0,Unstable
CD007569,4,2011.0,0.0,Unstable
CD007569,5,2018.0,0.0,Unstable
CD007569,6,0,0.0,Unstable
CD007572,3,2012.0,0.0,Unstable
CD007572,4,2012.0,0.0,Unstable
CD007572,5,2015.0,100.0,Robust
CD007572,6,2015.0,100.0,Robust
CD007572,7,2022.0,100.0,Robust
CD007572,8,2023.0,100.0,Robust
CD007572,9,0,100.0,Robust
CD007572,10,0,100.0,Robust
CD007639,3,2007.0,0.0,Unstable
CD007639,4,2009.0,0.0,Unstable
CD007639,5,2014.0,0.0,Unstable
CD007674,3,2003.0,0.0,Unstable
CD007674,4,2003.0,0.0,Unstable
CD007674,5,2003.0,25.0,Unstable
CD007674,6,2003.0,25.0,Unstable
CD007674,7,2003.0,25.0,Unstable
CD007674,8,2003.0,25.0,Unstable
CD007674,9,2003.0,50.0,Fragile
CD007674,10,2003.0,62.5,Fragile
CD007674,11,2003.0,75.0,Moderate
CD007674,12,2003.0,87.5,Moderate
CD007674,13,2006.0,100.0,Robust
CD007674,14,2006.0,62.5,Fragile
CD007674,15,2009.0,0.0,Unstable
CD007674,16,2009.0,0.0,Unstable
CD007674,17,2010.0,0.0,Unstable
CD007674,18,2010.0,0.0,Unstable
CD007674,19,2013.0,0.0,Unstable
CD007674,20,2013.0,0.0,Unstable
CD007674,21,2014.0,75.0,Moderate
CD007674,22,2014.0,75.0,Moderate
CD007674,23,2015.0,100.0,Robust
CD007674,24,2015.0,100.0,Robust
CD007674,25,2015.0,100.0,Robust
CD007674,26,2015.0,100.0,Robust
CD007674,27,2018.0,100.0,Robust
CD007674,28,2018.0,100.0,Robust
CD007784,3,1996.0,100.0,Robust
CD007784,4,1997.0,100.0,Robust
CD007784,5,2000.0,100.0,Robust
CD007784,6,2000.0,100.0,Robust
CD007784,7,2001.0,100.0,Robust
CD007784,8,2002.0,100.0,Robust
CD007784,9,2003.0,100.0,Robust
CD007784,10,2004.0,100.0,Robust
CD007784,11,2006.0,100.0,Robust
CD007784,12,2007.0,100.0,Robust
CD007784,13,2010.0,100.0,Robust
CD007896,3,2006.0,0.0,Unstable
CD007896,4,2007.0,50.0,Fragile
CD007896,5,2008.0,50.0,Fragile
CD007896,6,2008.0,100.0,Robust
CD007896,7,2008.0,100.0,Robust
CD007896,8,2008.0,100.0,Robust
CD007896,9,2008.0,100.0,Robust
CD007896,10,2009.0,100.0,Robust
CD007896,11,2009.0,100.0,Robust
CD007896,12,2011.0,100.0,Robust
CD007896,13,2012.0,100.0,Robust
CD007896,14,2012.0,100.0,Robust
CD007896,15,2013.0,100.0,Robust
CD007896,16,2013.0,100.0,Robust
CD007896,17,2013.0,100.0,Robust
CD007896,18,2013.0,100.0,Robust
CD007896,19,2014.0,100.0,Robust
CD007896,20,2014.0,100.0,Robust
CD007896,21,2015.0,100.0,Robust
CD007896,22,2016.0,100.0,Robust
CD007896,23,2016.0,100.0,Robust
CD007896,24,2016.0,100.0,Robust
CD007896,25,2017.0,100.0,Robust
CD007896,26,2017.0,100.0,Robust
CD007896,27,2017.0,100.0,Robust
CD007896,28,2017.0,100.0,Robust
CD007896,29,2017.0,100.0,Robust
CD007896,30,2017.0,100.0,Robust
CD007896,31,2017.0,100.0,Robust
CD007896,32,2018.0,100.0,Robust
CD007896,33,2019.0,100.0,Robust
CD007896,34,2019.0,100.0,Robust
CD007896,35,2022.0,100.0,Robust
CD008063,3,2001.0,100.0,Robust
CD008063,4,2002.0,37.5,Unstable
CD008063,5,2002.0,62.5,Fragile
CD008063,6,2002.0,87.5,Moderate
CD008063,7,2002.0,100.0,Robust
CD008063,8,2002.0,100.0,Robust
CD008063,9,2005.0,100.0,Robust
CD008063,10,2005.0,100.0,Robust
CD008063,11,2006.0,100.0,Robust
CD008063,12,2006.0,100.0,Robust
CD008063,13,2006.0,100.0,Robust
CD008063,14,2006.0,100.0,Robust
CD008063,15,2006.0,100.0,Robust
CD008063,16,2006.0,100.0,Robust
CD008063,17,2006.0,100.0,Robust
CD008063,18,2006.0,100.0,Robust
CD008063,19,2007.0,100.0,Robust
CD008063,20,2007.0,100.0,Robust
CD008063,21,2007.0,100.0,Robust
CD008063,22,2007.0,100.0,Robust
CD008063,23,2007.0,100.0,Robust
CD008063,24,2007.0,100.0,Robust
CD008063,25,2008.0,100.0,Robust
CD008063,26,2008.0,100.0,Robust
CD008063,27,2009.0,100.0,Robust
CD008063,28,2009.0,100.0,Robust
CD008063,29,2009.0,100.0,Robust
CD008063,30,2009.0,100.0,Robust
CD008063,31,2009.0,100.0,Robust
CD008063,32,2009.0,100.0,Robust
CD008063,33,2009.0,100.0,Robust
CD008063,34,2009.0,100.0,Robust
CD008063,35,2009.0,100.0,Robust
CD008063,36,2009.0,100.0,Robust
CD008063,37,2009.0,100.0,Robust
CD008063,38,2009.0,100.0,Robust
CD008063,39,2010.0,100.0,Robust
CD008063,40,2010.0,100.0,Robust
CD008063,41,2011.0,100.0,Robust
CD008063,42,2011.0,100.0,Robust
CD008063,43,2011.0,100.0,Robust
CD008063,44,2011.0,100.0,Robust
CD008063,45,2012.0,100.0,Robust
CD008063,46,2012.0,100.0,Robust
CD008063,47,2012.0,100.0,Robust
CD008063,48,2014.0,100.0,Robust
CD008063,49,2014.0,100.0,Robust
CD008063,50,2017.0,100.0,Robust
CD008145,3,2011.0,62.5,Fragile
CD008145,4,2011.0,100.0,Robust
CD008145,5,2017.0,87.5,Moderate
CD008145,6,2018.0,100.0,Robust
CD008165,3,2013.0,25.0,Unstable
CD008165,4,2014.0,25.0,Unstable
CD008165,5,2014.0,25.0,Unstable
CD008165,6,2014.0,62.5,Fragile
CD008165,7,2015.0,100.0,Robust
CD008165,8,2016.0,75.0,Moderate
CD008165,9,2016.0,100.0,Robust
CD008165,10,2017.0,37.5,Unstable
CD008165,11,2017.0,25.0,Unstable
CD008165,12,2019.0,37.5,Unstable
CD008165,13,2021.0,50.0,Fragile
CD008176,3,1995.0,0.0,Unstable
CD008176,4,1996.0,0.0,Unstable
CD008176,5,1996.0,0.0,Unstable
CD008176,6,1997.0,0.0,Unstable
CD008176,7,2000.0,0.0,Unstable
CD008176,8,2002.0,0.0,Unstable
CD008176,9,2003.0,0.0,Unstable
CD008176,10,2003.0,0.0,Unstable
CD008176,11,2007.0,0.0,Unstable
CD008176,12,2007.0,0.0,Unstable
CD008176,13,2011.0,0.0,Unstable
CD008176,14,2011.0,0.0,Unstable
CD008176,15,2011.0,0.0,Unstable
CD008176,16,2011.0,0.0,Unstable
CD008176,17,2012.0,0.0,Unstable
CD008176,18,2012.0,0.0,Unstable
CD008176,19,2012.0,0.0,Unstable
CD008176,20,2013.0,0.0,Unstable
CD008176,21,2013.0,0.0,Unstable
CD008176,22,2013.0,0.0,Unstable
CD008176,23,2014.0,0.0,Unstable
CD008176,24,2014.0,0.0,Unstable
CD008176,25,2015.0,0.0,Unstable
CD008176,26,2015.0,0.0,Unstable
CD008176,27,2016.0,0.0,Unstable
CD008176,28,2016.0,0.0,Unstable
CD008176,29,2017.0,0.0,Unstable
CD008176,30,2017.0,0.0,Unstable
CD008176,31,2017.0,0.0,Unstable
CD008176,32,2017.0,0.0,Unstable
CD008176,33,2019.0,0.0,Unstable
CD008176,34,2020.0,0.0,Unstable
CD008176,35,2021.0,0.0,Unstable
CD008176,36,2022.0,0.0,Unstable
CD008176,37,2022.0,0.0,Unstable
CD008176,38,2022.0,0.0,Unstable
CD008237,3,2005.0,62.5,Fragile
CD008237,4,2007.0,62.5,Fragile
CD008237,5,2008.0,100.0,Robust
CD008237,6,2014.0,100.0,Robust
CD008349,3,2009.0,50.0,Fragile
CD008349,4,2009.0,50.0,Fragile
CD008349,5,2010.0,100.0,Robust
CD008349,6,2010.0,100.0,Robust
CD008349,7,2011.0,100.0,Robust
CD008349,8,2011.0,100.0,Robust
CD008349,9,2012.0,100.0,Robust
CD008349,10,2012.0,100.0,Robust
CD008349,11,2012.0,100.0,Robust
CD008349,12,2013.0,100.0,Robust
CD008349,13,2013.0,100.0,Robust
CD008349,14,2013.0,100.0,Robust
CD008349,15,2014.0,100.0,Robust
CD008349,16,2014.0,100.0,Robust
CD008349,17,2014.0,100.0,Robust
CD008349,18,2014.0,100.0,Robust
CD008349,19,2015.0,100.0,Robust
CD008349,20,2015.0,100.0,Robust
CD008349,21,2015.0,100.0,Robust
CD008349,22,2016.0,0.0,Unstable
CD008349,23,2016.0,0.0,Unstable
CD008349,24,2016.0,0.0,Unstable
CD008349,25,2016.0,0.0,Unstable
CD008349,26,2016.0,75.0,Moderate
CD008349,27,2016.0,0.0,Unstable
CD008349,28,2017.0,0.0,Unstable
CD008349,29,2017.0,62.5,Fragile
CD008349,30,2017.0,50.0,Fragile
CD008349,31,2017.0,62.5,Fragile
CD008349,32,2018.0,75.0,Moderate
CD008349,33,2018.0,37.5,Unstable
CD008349,34,2018.0,75.0,Moderate
CD008349,35,2018.0,0.0,Unstable
CD008349,36,2018.0,0.0,Unstable
CD008349,37,2018.0,0.0,Unstable
CD008349,38,2019.0,0.0,Unstable
CD008349,39,2019.0,0.0,Unstable
CD008349,40,2019.0,0.0,Unstable
CD008349,41,2019.0,0.0,Unstable
CD008349,42,2019.0,0.0,Unstable
CD008349,43,2019.0,62.5,Fragile
CD008349,44,2020.0,25.0,Unstable
CD008349,45,2020.0,100.0,Robust
CD008349,46,2020.0,100.0,Robust
CD008349,47,2020.0,100.0,Robust
CD008349,48,2021.0,100.0,Robust
CD008349,49,2021.0,100.0,Robust
CD008349,50,2021.0,100.0,Robust
CD008349,51,2021.0,100.0,Robust
CD008349,52,2021.0,100.0,Robust
CD008349,53,2021.0,100.0,Robust
CD008349,54,2021.0,100.0,Robust
CD008349,55,2022.0,100.0,Robust
CD008349,56,2022.0,100.0,Robust
CD008349,57,2022.0,100.0,Robust
CD008349,58,2022.0,100.0,Robust
CD008349,59,2022.0,100.0,Robust
CD008349,60,2022.0,100.0,Robust
CD008349,61,2022.0,100.0,Robust
CD008349,62,2022.0,100.0,Robust
CD008349,63,2023.0,100.0,Robust
CD008349,64,2023.0,100.0,Robust
CD008349,65,2023.0,100.0,Robust
CD008349,66,2023.0,100.0,Robust
CD008349,67,2023.0,100.0,Robust
CD008349,68,2023.0,100.0,Robust
CD008469,3,2000.0,0.0,Unstable
CD008469,4,2006.0,0.0,Unstable
CD008469,5,2006.0,0.0,Unstable
CD008469,6,2009.0,0.0,Unstable
CD008469,7,2009.0,0.0,Unstable
CD008469,8,2009.0,0.0,Unstable
CD008469,9,2009.0,0.0,Unstable
CD008469,10,2010.0,0.0,Unstable
CD008469,11,2010.0,0.0,Unstable
CD008493,3,2012.0,50.0,Fragile
CD008493,4,2012.0,100.0,Robust
CD008493,5,2016.0,0.0,Unstable
CD008493,6,2016.0,0.0,Unstable
CD008493,7,2016.0,0.0,Unstable
CD008493,8,2016.0,0.0,Unstable
CD008493,9,2016.0,0.0,Unstable
CD008493,10,2023.0,0.0,Unstable
CD008552,3,2015.0,25.0,Unstable
CD008552,4,2019.0,25.0,Unstable
CD008552,5,2022.0,25.0,Unstable
CD008564,3,1998.0,0.0,Unstable
CD008564,4,1998.0,0.0,Unstable
CD008564,5,2002.0,0.0,Unstable
CD008564,6,2002.0,0.0,Unstable
CD008564,7,2010.0,0.0,Unstable
CD008564,8,2010.0,0.0,Unstable
CD008564,9,2013.0,0.0,Unstable
CD008564,10,2013.0,0.0,Unstable
CD008564,11,2015.0,0.0,Unstable
CD008564,12,2015.0,0.0,Unstable
CD008628,3,1996.0,0.0,Unstable
CD008628,4,2015.0,0.0,Unstable
CD008628,5,2015.0,0.0,Unstable
CD008628,6,2015.0,0.0,Unstable
CD008628,7,2022.0,0.0,Unstable
CD008628,8,2022.0,0.0,Unstable
CD008628,9,2022.0,0.0,Unstable
CD008709,3,2010.0,0.0,Unstable
CD008709,4,2010.0,0.0,Unstable
CD008709,5,2010.0,0.0,Unstable
CD008709,6,2011.0,0.0,Unstable
CD008709,7,2011.0,0.0,Unstable
CD008709,8,2011.0,0.0,Unstable
CD008709,9,2011.0,0.0,Unstable
CD008709,10,2011.0,0.0,Unstable
CD008709,11,2011.0,0.0,Unstable
CD008709,12,2011.0,0.0,Unstable
CD008709,13,2012.0,0.0,Unstable
CD008709,14,2012.0,0.0,Unstable
CD008709,15,2012.0,0.0,Unstable
CD008709,16,2012.0,50.0,Fragile
CD008709,17,2013.0,0.0,Unstable
CD008709,18,2013.0,0.0,Unstable
CD008709,19,2014.0,0.0,Unstable
CD008709,20,2015.0,50.0,Fragile
CD008709,21,2015.0,100.0,Robust
CD008709,22,2016.0,50.0,Fragile
CD008709,23,2016.0,50.0,Fragile
CD008709,24,2016.0,0.0,Unstable
CD008709,25,2016.0,100.0,Robust
CD008709,26,2017.0,100.0,Robust
CD008709,27,2017.0,100.0,Robust
CD008709,28,2018.0,100.0,Robust
CD008709,29,2020.0,100.0,Robust
CD008709,30,2020.0,100.0,Robust
CD008709,31,2020.0,100.0,Robust
CD008858,3,2005.0,0.0,Unstable
CD008858,4,2005.0,0.0,Unstable
CD008858,5,2005.0,25.0,Unstable
CD008858,6,2005.0,25.0,Unstable
CD008858,7,2005.0,25.0,Unstable
CD008858,8,2005.0,25.0,Unstable
CD008858,9,2005.0,25.0,Unstable
CD008858,10,2005.0,37.5,Unstable
CD008858,11,2005.0,62.5,Fragile
CD008858,12,2005.0,50.0,Fragile
CD008858,13,2005.0,50.0,Fragile
CD008858,14,2005.0,100.0,Robust
CD008858,15,2005.0,100.0,Robust
CD008858,16,2005.0,100.0,Robust
CD008858,17,2005.0,100.0,Robust
CD008858,18,2005.0,100.0,Robust
CD008858,19,2005.0,100.0,Robust
CD008858,20,2005.0,100.0,Robust
CD008858,21,2005.0,100.0,Robust
CD008858,22,2009.0,100.0,Robust
CD008858,23,2009.0,100.0,Robust
CD008858,24,2009.0,100.0,Robust
CD008858,25,2009.0,100.0,Robust
CD008858,26,2009.0,100.0,Robust
CD008858,27,2009.0,100.0,Robust
CD008858,28,2009.0,100.0,Robust
CD008858,29,2009.0,100.0,Robust
CD008858,30,2009.0,100.0,Robust
CD008858,31,2009.0,100.0,Robust
CD008858,32,2009.0,100.0,Robust
CD008858,33,2010.0,100.0,Robust
CD008858,34,2010.0,100.0,Robust
CD008858,35,2010.0,100.0,Robust
CD008858,36,2010.0,100.0,Robust
CD008858,37,2011.0,100.0,Robust
CD008858,38,2011.0,100.0,Robust
CD008858,39,2011.0,100.0,Robust
CD008858,40,2012.0,100.0,Robust
CD008858,41,2012.0,100.0,Robust
CD008858,42,2012.0,100.0,Robust
CD008858,43,2012.0,100.0,Robust
CD008858,44,2012.0,100.0,Robust
CD008858,45,2012.0,100.0,Robust
CD008858,46,2012.0,100.0,Robust
CD008858,47,2012.0,100.0,Robust
CD008858,48,2012.0,100.0,Robust
CD008858,49,2012.0,100.0,Robust
CD008858,50,2012.0,100.0,Robust
CD008858,51,2016.0,100.0,Robust
CD008858,52,2016.0,100.0,Robust
CD008858,53,2016.0,100.0,Robust
CD008858,54,2016.0,100.0,Robust
CD008858,55,2016.0,100.0,Robust
CD008858,56,2016.0,100.0,Robust
CD008858,57,2016.0,100.0,Robust
CD008858,58,2016.0,100.0,Robust
CD008858,59,2016.0,100.0,Robust
CD008858,60,2016.0,100.0,Robust
CD008858,61,2016.0,100.0,Robust
CD008858,62,2016.0,100.0,Robust
CD008858,63,2016.0,100.0,Robust
CD008879,3,2009.0,0.0,Unstable
CD008879,4,2012.0,0.0,Unstable
CD008879,5,2013.0,0.0,Unstable
CD008879,6,2015.0,0.0,Unstable
CD008879,7,2017.0,0.0,Unstable
CD008879,8,2023.0,50.0,Fragile
CD009022,3,2013.0,0.0,Unstable
CD009022,4,2013.0,0.0,Unstable
CD009022,5,2013.0,0.0,Unstable
CD009022,6,2013.0,50.0,Fragile
CD009022,7,2014.0,100.0,Robust
CD009022,8,2014.0,100.0,Robust
CD009022,9,2019.0,100.0,Robust
CD009102,3,2013.0,12.5,Unstable
CD009102,4,2016.0,25.0,Unstable
CD009102,5,2021.0,50.0,Fragile
CD009235,3,2008.0,0.0,Unstable
CD009235,4,2008.0,0.0,Unstable
CD009235,5,2011.0,0.0,Unstable
CD009235,6,2011.0,0.0,Unstable
CD009235,7,2012.0,0.0,Unstable
CD009235,8,2013.0,0.0,Unstable
CD009235,9,2013.0,0.0,Unstable
CD009235,10,2013.0,0.0,Unstable
CD009235,11,2013.0,0.0,Unstable
CD009235,12,2014.0,0.0,Unstable
CD009235,13,2014.0,0.0,Unstable
CD009235,14,2015.0,0.0,Unstable
CD009235,15,2015.0,0.0,Unstable
CD009235,16,2015.0,0.0,Unstable
CD009235,17,2016.0,0.0,Unstable
CD009235,18,2016.0,0.0,Unstable
CD009235,19,2016.0,0.0,Unstable
CD009235,20,2017.0,0.0,Unstable
CD009235,21,2018.0,0.0,Unstable
CD009235,22,2018.0,0.0,Unstable
CD009235,23,2018.0,0.0,Unstable
CD009235,24,2018.0,0.0,Unstable
CD009235,25,2019.0,0.0,Unstable
CD009235,26,2020.0,0.0,Unstable
CD009235,27,2020.0,0.0,Unstable
CD009235,28,2020.0,0.0,Unstable
CD009235,29,2020.0,0.0,Unstable
CD009235,30,2023.0,0.0,Unstable
CD009235,31,2024.0,0.0,Unstable
CD009252,3,1993.0,0.0,Unstable
CD009252,4,1995.0,0.0,Unstable
CD009252,5,2000.0,0.0,Unstable
CD009252,6,2001.0,0.0,Unstable
CD009252,7,2002.0,0.0,Unstable
CD009252,8,2003.0,0.0,Unstable
CD009252,9,2004.0,0.0,Unstable
CD009252,10,2013.0,0.0,Unstable
CD009252,11,2015.0,0.0,Unstable
CD009252,12,2020.0,0.0,Unstable
CD009252,13,2021.0,0.0,Unstable
CD009252,14,2022.0,0.0,Unstable
CD009298,3,2021.0,0.0,Unstable
CD009298,4,2021.0,0.0,Unstable
CD009298,5,2021.0,0.0,Unstable
CD009298,6,2021.0,0.0,Unstable
CD009298,7,2021.0,0.0,Unstable
CD009298,8,2021.0,0.0,Unstable
CD009298,9,2021.0,0.0,Unstable
CD009298,10,2022.0,0.0,Unstable
CD009298,11,2022.0,0.0,Unstable
CD009362,3,2012.0,50.0,Fragile
CD009362,4,2012.0,0.0,Unstable
CD009362,5,2015.0,0.0,Unstable
CD009362,6,2015.0,0.0,Unstable
CD009362,7,2015.0,100.0,Robust
CD009362,8,2015.0,100.0,Robust
CD009362,9,2016.0,100.0,Robust
CD009362,10,2016.0,100.0,Robust
CD009362,11,2018.0,100.0,Robust
CD009362,12,2018.0,100.0,Robust
CD009362,13,2018.0,100.0,Robust
CD009362,14,2019.0,100.0,Robust
CD009362,15,2019.0,100.0,Robust
CD009362,16,2019.0,100.0,Robust
CD009362,17,2020.0,100.0,Robust
CD009362,18,2020.0,100.0,Robust
CD009362,19,2020.0,100.0,Robust
CD009362,20,2020.0,100.0,Robust
CD009362,21,2020.0,100.0,Robust
CD009362,22,2020.0,100.0,Robust
CD009362,23,2020.0,100.0,Robust
CD009362,24,2020.0,100.0,Robust
CD009362,25,2020.0,100.0,Robust
CD009362,26,2020.0,100.0,Robust
CD009362,27,2022.0,100.0,Robust
CD009417,3,2004.0,0.0,Unstable
CD009417,4,2009.0,0.0,Unstable
CD009417,5,2014.0,0.0,Unstable
CD009508,3,2007.0,50.0,Fragile
CD009508,4,2008.0,62.5,Fragile
CD009508,5,2010.0,75.0,Moderate
CD009508,6,2012.0,100.0,Robust
CD009508,7,2013.0,100.0,Robust
CD009508,8,2020.0,100.0,Robust
CD009508,9,2020.0,100.0,Robust
CD009508,10,2020.0,87.5,Moderate
CD009531,3,2014.0,0.0,Unstable
CD009531,4,2018.0,0.0,Unstable
CD009531,5,0,0.0,Unstable
CD009531,6,0,0.0,Unstable
CD009531,7,0,0.0,Unstable
CD009531,8,0,0.0,Unstable
CD009535,3,2012.0,50.0,Fragile
CD009535,4,2015.0,75.0,Moderate
CD009535,5,2016.0,100.0,Robust
CD009535,6,2016.0,0.0,Unstable
CD009535,7,2019.0,12.5,Unstable
CD009535,8,2021.0,62.5,Fragile
CD009535,9,2021.0,100.0,Robust
CD009609,3,2018.0,100.0,Robust
CD009609,4,2018.0,100.0,Robust
CD009609,5,2020.0,62.5,Fragile
CD009609,6,2020.0,75.0,Moderate
CD009609,7,2020.0,87.5,Moderate
CD009609,8,2022.0,87.5,Moderate
CD009679,3,2008.0,0.0,Unstable
CD009679,4,2008.0,0.0,Unstable
CD009679,5,2008.0,0.0,Unstable
CD009679,6,2008.0,0.0,Unstable
CD009679,7,2008.0,0.0,Unstable
CD009679,8,2008.0,0.0,Unstable
CD009679,9,2008.0,0.0,Unstable
CD009679,10,2008.0,0.0,Unstable
CD009679,11,2008.0,0.0,Unstable
CD009679,12,2015.0,0.0,Unstable
CD009679,13,2015.0,0.0,Unstable
CD009679,14,2015.0,0.0,Unstable
CD009679,15,2015.0,0.0,Unstable
CD009679,16,2015.0,0.0,Unstable
CD009679,17,2015.0,0.0,Unstable
CD009679,18,2019.0,0.0,Unstable
CD009679,19,2019.0,0.0,Unstable
CD009679,20,2019.0,0.0,Unstable
CD009679,21,2019.0,0.0,Unstable
CD009679,22,2019.0,0.0,Unstable
CD009679,23,2019.0,0.0,Unstable
CD009679,24,2019.0,0.0,Unstable
CD009730,3,1985.0,0.0,Unstable
CD009730,4,1985.0,0.0,Unstable
CD009730,5,1987.0,0.0,Unstable
CD009730,6,1988.0,0.0,Unstable
CD009730,7,1988.0,0.0,Unstable
CD009730,8,1988.0,0.0,Unstable
CD009730,9,1988.0,0.0,Unstable
CD009730,10,1997.0,0.0,Unstable
CD009749,3,2013.0,0.0,Unstable
CD009749,4,2015.0,0.0,Unstable
CD009749,5,2015.0,0.0,Unstable
CD009749,6,2015.0,0.0,Unstable
CD009749,7,2017.0,0.0,Unstable
CD009749,8,2017.0,0.0,Unstable
CD009749,9,2017.0,0.0,Unstable
CD009749,10,2017.0,0.0,Unstable
CD009749,11,2018.0,0.0,Unstable
CD009749,12,2021.0,0.0,Unstable
CD009749,13,2021.0,0.0,Unstable
CD009749,14,2021.0,0.0,Unstable
CD009749,15,2023.0,0.0,Unstable
CD009749,16,2023.0,0.0,Unstable
CD009749,17,2023.0,0.0,Unstable
CD009749,18,2023.0,0.0,Unstable
CD009749,19,2023.0,0.0,Unstable
CD009749,20,0,0.0,Unstable
CD009749,21,0,0.0,Unstable
CD009749,22,0,0.0,Unstable
CD009749,23,0,0.0,Unstable
CD009749,24,0,0.0,Unstable
CD009749,25,0,0.0,Unstable
CD009788,3,2013.0,25.0,Unstable
CD009788,4,2014.0,25.0,Unstable
CD009788,5,2021.0,50.0,Fragile
CD010001,3,2003.0,0.0,Unstable
CD010001,4,2005.0,0.0,Unstable
CD010001,5,2009.0,0.0,Unstable
CD010001,6,2010.0,0.0,Unstable
CD010001,7,2012.0,50.0,Fragile
CD010001,8,2013.0,50.0,Fragile
CD010001,9,2016.0,100.0,Robust
CD010001,10,2018.0,100.0,Robust
CD010001,11,2019.0,100.0,Robust
CD010001,12,2019.0,100.0,Robust
CD010001,13,2019.0,100.0,Robust
CD010001,14,2019.0,100.0,Robust
CD010001,15,2020.0,100.0,Robust
CD010001,16,2021.0,100.0,Robust
CD010001,17,2021.0,100.0,Robust
CD010001,18,2022.0,100.0,Robust
CD010001,19,2022.0,100.0,Robust
CD010001,20,2022.0,100.0,Robust
CD010001,21,2022.0,100.0,Robust
CD010001,22,2023.0,100.0,Robust
CD010001,23,2023.0,100.0,Robust
CD010001,24,0,100.0,Robust
CD010001,25,0,100.0,Robust
CD010145,3,1997.0,0.0,Unstable
CD010145,4,1998.0,0.0,Unstable
CD010145,5,1999.0,50.0,Fragile
CD010145,6,2002.0,100.0,Robust
CD010145,7,2003.0,100.0,Robust
CD010145,8,2007.0,100.0,Robust
CD010145,9,2007.0,100.0,Robust
CD010189,3,2002.0,0.0,Unstable
CD010189,4,2010.0,0.0,Unstable
CD010189,5,2011.0,0.0,Unstable
CD010189,6,2012.0,0.0,Unstable
CD010216,3,2021.0,0.0,Unstable
CD010216,4,2022.0,0.0,Unstable
CD010216,5,2023.0,0.0,Unstable
CD010216,6,2024.0,0.0,Unstable
CD010216,7,2024.0,0.0,Unstable
CD010290,3,2001.0,0.0,Unstable
CD010290,4,2004.0,0.0,Unstable
CD010290,5,2006.0,0.0,Unstable
CD010290,6,2007.0,0.0,Unstable
CD010290,7,2010.0,0.0,Unstable
CD010779,3,2012.0,0.0,Unstable
CD010779,4,2019.0,0.0,Unstable
CD010779,5,2019.0,0.0,Unstable
CD010856,3,1965.0,62.5,Fragile
CD010856,4,1967.0,100.0,Robust
CD010856,5,1971.0,100.0,Robust
CD010856,6,1975.0,100.0,Robust
CD010856,7,1978.0,100.0,Robust
CD010856,8,1984.0,100.0,Robust
CD010856,9,1986.0,100.0,Robust
CD010856,10,2015.0,100.0,Robust
CD010856,11,2019.0,100.0,Robust
CD010856,12,2022.0,100.0,Robust
CD010966,3,0,0.0,Unstable
CD010966,4,0,0.0,Unstable
CD010966,5,0,0.0,Unstable
CD010966,6,0,0.0,Unstable
CD010966,7,0,0.0,Unstable
CD010966,8,0,0.0,Unstable
CD010966,9,2015.0,0.0,Unstable
CD010966,10,2015.0,0.0,Unstable
CD010966,11,2015.0,0.0,Unstable
CD010966,12,2015.0,0.0,Unstable
CD010966,13,2015.0,0.0,Unstable
CD010966,14,2015.0,0.0,Unstable
CD010966,15,2015.0,0.0,Unstable
CD010966,16,2017.0,0.0,Unstable
CD010966,17,2017.0,0.0,Unstable
CD010966,18,2017.0,0.0,Unstable
CD010966,19,2017.0,0.0,Unstable
CD010966,20,2017.0,0.0,Unstable
CD010966,21,2017.0,0.0,Unstable
CD010966,22,2017.0,0.0,Unstable
CD010966,23,2017.0,0.0,Unstable
CD010966,24,2017.0,0.0,Unstable
CD010966,25,2017.0,0.0,Unstable
CD010966,26,2017.0,0.0,Unstable
CD010966,27,2017.0,100.0,Robust
CD010966,28,2018.0,100.0,Robust
CD010966,29,2018.0,100.0,Robust
CD010966,30,2018.0,100.0,Robust
CD010966,31,2018.0,100.0,Robust
CD010966,32,2018.0,100.0,Robust
CD010966,33,2018.0,100.0,Robust
CD010966,34,2018.0,100.0,Robust
CD010966,35,2018.0,100.0,Robust
CD010966,36,2018.0,100.0,Robust
CD010966,37,2018.0,100.0,Robust
CD010966,38,2018.0,100.0,Robust
CD010966,39,2018.0,100.0,Robust
CD010966,40,2018.0,100.0,Robust
CD010966,41,2018.0,100.0,Robust
CD010966,42,2018.0,100.0,Robust
CD010966,43,2018.0,100.0,Robust
CD010966,44,2018.0,100.0,Robust
CD010966,45,2018.0,100.0,Robust
CD010966,46,2018.0,100.0,Robust
CD010966,47,2018.0,100.0,Robust
CD010966,48,2018.0,100.0,Robust
CD010966,49,2018.0,100.0,Robust
CD010966,50,2018.0,100.0,Robust
CD010966,51,2018.0,100.0,Robust
CD010966,52,2018.0,100.0,Robust
CD010966,53,2018.0,100.0,Robust
CD010966,54,2018.0,100.0,Robust
CD010966,55,2018.0,100.0,Robust
CD010966,56,2018.0,100.0,Robust
CD010966,57,2018.0,100.0,Robust
CD010966,58,2018.0,100.0,Robust
CD010966,59,2018.0,100.0,Robust
CD010966,60,2018.0,100.0,Robust
CD010966,61,2018.0,100.0,Robust
CD010966,62,2018.0,100.0,Robust
CD010966,63,2018.0,100.0,Robust
CD010966,64,2021.0,100.0,Robust
CD010966,65,2021.0,100.0,Robust
CD010966,66,2021.0,100.0,Robust
CD010966,67,2021.0,100.0,Robust
CD011039,3,2002.0,12.5,Unstable
CD011039,4,2002.0,12.5,Unstable
CD011039,5,2002.0,0.0,Unstable
CD011044,3,0,0.0,Unstable
CD011044,4,0,50.0,Fragile
CD011044,5,0,50.0,Fragile
CD011044,6,0,100.0,Robust
CD011044,7,0,100.0,Robust
CD011044,8,0,100.0,Robust
CD011044,9,0,100.0,Robust
CD011044,10,0,100.0,Robust
CD011044,11,0,100.0,Robust
CD011044,12,0,100.0,Robust
CD011044,13,0,100.0,Robust
CD011044,14,0,100.0,Robust
CD011044,15,0,100.0,Robust
CD011044,16,0,100.0,Robust
CD011044,17,0,100.0,Robust
CD011044,18,0,100.0,Robust
CD011044,19,0,100.0,Robust
CD011044,20,0,100.0,Robust
CD011044,21,0,100.0,Robust
CD011044,22,2004.0,100.0,Robust
CD011044,23,2015.0,100.0,Robust
CD011044,24,2017.0,100.0,Robust
CD011044,25,2018.0,100.0,Robust
CD011044,26,2020.0,100.0,Robust
CD011120,3,2013.0,0.0,Unstable
CD011120,4,2013.0,0.0,Unstable
CD011120,5,2015.0,0.0,Unstable
CD011120,6,2015.0,0.0,Unstable
CD011120,7,2020.0,0.0,Unstable
CD011120,8,2020.0,0.0,Unstable
CD011120,9,2022.0,0.0,Unstable
CD011197,3,2016.0,0.0,Unstable
CD011197,4,2019.0,0.0,Unstable
CD011197,5,2023.0,0.0,Unstable
CD011197,6,0,0.0,Unstable
CD011204,3,2000.0,100.0,Robust
CD011204,4,2000.0,100.0,Robust
CD011204,5,2000.0,100.0,Robust
CD011204,6,2000.0,100.0,Robust
CD011204,7,2000.0,100.0,Robust
CD011204,8,2005.0,100.0,Robust
CD011204,9,2005.0,100.0,Robust
CD011204,10,2008.0,100.0,Robust
CD011204,11,2009.0,100.0,Robust
CD011204,12,2014.0,100.0,Robust
CD011204,13,2016.0,100.0,Robust
CD011381,3,1993.0,50.0,Fragile
CD011381,4,1995.0,50.0,Fragile
CD011381,5,1997.0,100.0,Robust
CD011381,6,1998.0,50.0,Fragile
CD011381,7,1998.0,100.0,Robust
CD011381,8,2002.0,25.0,Unstable
CD011381,9,2002.0,50.0,Fragile
CD011381,10,2006.0,100.0,Robust
CD011381,11,2007.0,100.0,Robust
CD011381,12,2008.0,100.0,Robust
CD011381,13,2008.0,100.0,Robust
CD011381,14,2009.0,100.0,Robust
CD011381,15,2010.0,100.0,Robust
CD011381,16,2010.0,100.0,Robust
CD011381,17,2010.0,62.5,Fragile
CD011381,18,2012.0,25.0,Unstable
CD011381,19,2012.0,87.5,Moderate
CD011381,20,2012.0,25.0,Unstable
CD011381,21,2012.0,100.0,Robust
CD011381,22,2012.0,100.0,Robust
CD011381,23,2012.0,100.0,Robust
CD011381,24,2012.0,100.0,Robust
CD011381,25,2012.0,100.0,Robust
CD011381,26,2013.0,100.0,Robust
CD011381,27,2013.0,100.0,Robust
CD011381,28,2013.0,100.0,Robust
CD011381,29,2013.0,100.0,Robust
CD011381,30,2014.0,100.0,Robust
CD011381,31,2014.0,100.0,Robust
CD011381,32,2014.0,100.0,Robust
CD011381,33,2014.0,100.0,Robust
CD011381,34,2014.0,100.0,Robust
CD011381,35,2014.0,100.0,Robust
CD011381,36,2014.0,100.0,Robust
CD011381,37,2015.0,100.0,Robust
CD011381,38,2017.0,100.0,Robust
CD011381,39,2017.0,100.0,Robust
CD011381,40,2017.0,100.0,Robust
CD011381,41,2019.0,100.0,Robust
CD011381,42,2020.0,100.0,Robust
CD011381,43,2020.0,100.0,Robust
CD011381,44,2020.0,100.0,Robust
CD011381,45,2021.0,100.0,Robust
CD011381,46,2021.0,75.0,Moderate
CD011535,3,0,100.0,Robust
CD011535,4,0,100.0,Robust
CD011535,5,0,100.0,Robust
CD011535,6,0,100.0,Robust
CD011535,7,2012.0,100.0,Robust
CD011535,8,2012.0,100.0,Robust
CD011535,9,2013.0,100.0,Robust
CD011535,10,2013.0,100.0,Robust
CD011535,11,2014.0,100.0,Robust
CD011535,12,2014.0,100.0,Robust
CD011535,13,2014.0,100.0,Robust
CD011535,14,2015.0,100.0,Robust
CD011535,15,2015.0,100.0,Robust
CD011535,16,2015.0,100.0,Robust
CD011535,17,2015.0,100.0,Robust
CD011535,18,2016.0,100.0,Robust
CD011535,19,2016.0,100.0,Robust
CD011535,20,2016.0,100.0,Robust
CD011535,21,2017.0,100.0,Robust
CD011535,22,2017.0,100.0,Robust
CD011535,23,2017.0,100.0,Robust
CD011535,24,2017.0,100.0,Robust
CD011535,25,2017.0,100.0,Robust
CD011535,26,2017.0,100.0,Robust
CD011535,27,2017.0,100.0,Robust
CD011535,28,2018.0,100.0,Robust
CD011535,29,2018.0,100.0,Robust
CD011535,30,2018.0,100.0,Robust
CD011535,31,2019.0,100.0,Robust
CD011535,32,2019.0,100.0,Robust
CD011535,33,2020.0,100.0,Robust
CD011535,34,2020.0,100.0,Robust
CD011535,35,2021.0,100.0,Robust
CD011535,36,2023.0,100.0,Robust
CD011535,37,2023.0,100.0,Robust
CD011535,38,2024.0,100.0,Robust
CD011600,3,2018.0,50.0,Fragile
CD011600,4,2020.0,100.0,Robust
CD011600,5,2020.0,100.0,Robust
CD011626,3,2016.0,0.0,Unstable
CD011626,4,2016.0,0.0,Unstable
CD011626,5,2017.0,50.0,Fragile
CD011626,6,2017.0,50.0,Fragile
CD011626,7,2017.0,0.0,Unstable
CD011626,8,2017.0,0.0,Unstable
CD011626,9,2019.0,0.0,Unstable
CD011626,10,2019.0,0.0,Unstable
CD011626,11,2022.0,0.0,Unstable
CD011627,3,2015.0,12.5,Unstable
CD011627,4,2016.0,12.5,Unstable
CD011627,5,2016.0,12.5,Unstable
CD011627,6,2016.0,12.5,Unstable
CD011627,7,2016.0,12.5,Unstable
CD011627,8,2020.0,12.5,Unstable
CD011670,3,2018.0,0.0,Unstable
CD011670,4,2018.0,0.0,Unstable
CD011670,5,2018.0,0.0,Unstable
CD011670,6,2021.0,0.0,Unstable
CD011670,7,2021.0,0.0,Unstable
CD011671,3,0,0.0,Unstable
CD011671,4,0,0.0,Unstable
CD011671,5,0,0.0,Unstable
CD011671,6,0,25.0,Unstable
CD011671,7,1985.0,37.5,Unstable
CD011671,8,1985.0,62.5,Fragile
CD011671,9,1994.0,62.5,Fragile
CD011671,10,2001.0,87.5,Moderate
CD011671,11,2008.0,87.5,Moderate
CD011671,12,2008.0,100.0,Robust
CD011671,13,2008.0,100.0,Robust
CD011671,14,2014.0,100.0,Robust
CD011671,15,2015.0,100.0,Robust
CD011671,16,2018.0,100.0,Robust
CD011671,17,2020.0,100.0,Robust
CD011689,3,2001.0,62.5,Fragile
CD011689,4,2001.0,75.0,Moderate
CD011689,5,2001.0,100.0,Robust
CD011689,6,2001.0,100.0,Robust
CD011689,7,2001.0,100.0,Robust
CD011689,8,2001.0,100.0,Robust
CD011689,9,2002.0,100.0,Robust
CD011689,10,2002.0,100.0,Robust
CD011689,11,2002.0,100.0,Robust
CD011689,12,2002.0,100.0,Robust
CD011689,13,2003.0,100.0,Robust
CD011689,14,2003.0,100.0,Robust
CD011689,15,2006.0,100.0,Robust
CD011689,16,2006.0,100.0,Robust
CD011689,17,2006.0,100.0,Robust
CD011689,18,2006.0,100.0,Robust
CD011689,19,2007.0,100.0,Robust
CD011689,20,2009.0,100.0,Robust
CD011689,21,2010.0,100.0,Robust
CD011689,22,2011.0,100.0,Robust
CD011689,23,2012.0,100.0,Robust
CD011689,24,2012.0,100.0,Robust
CD011689,25,2014.0,100.0,Robust
CD011689,26,2015.0,100.0,Robust
CD011689,27,2015.0,100.0,Robust
CD011689,28,2016.0,100.0,Robust
CD011689,29,2016.0,100.0,Robust
CD011689,30,2021.0,100.0,Robust
CD011689,31,0,100.0,Robust
CD011762,3,2006.0,0.0,Unstable
CD011762,4,2007.0,0.0,Unstable
CD011762,5,2007.0,0.0,Unstable
CD011762,6,2007.0,0.0,Unstable
CD011762,7,2008.0,0.0,Unstable
CD011762,8,2008.0,0.0,Unstable
CD011762,9,2008.0,0.0,Unstable
CD011762,10,2009.0,0.0,Unstable
CD011762,11,2009.0,0.0,Unstable
CD011762,12,2010.0,0.0,Unstable
CD011762,13,2010.0,0.0,Unstable
CD011762,14,2010.0,0.0,Unstable
CD011762,15,2010.0,0.0,Unstable
CD011762,16,2010.0,0.0,Unstable
CD011762,17,2013.0,0.0,Unstable
CD011762,18,2013.0,0.0,Unstable
CD011762,19,2014.0,0.0,Unstable
CD011762,20,2014.0,0.0,Unstable
CD011762,21,2014.0,0.0,Unstable
CD011762,22,2014.0,0.0,Unstable
CD011762,23,2015.0,0.0,Unstable
CD011762,24,2015.0,0.0,Unstable
CD011762,25,2020.0,0.0,Unstable
CD011762,26,2021.0,0.0,Unstable
CD011762,27,2021.0,0.0,Unstable
CD011762,28,2021.0,0.0,Unstable
CD011762,29,2023.0,0.0,Unstable
CD011778,3,2009.0,0.0,Unstable
CD011778,4,2011.0,0.0,Unstable
CD011778,5,2012.0,0.0,Unstable
CD011778,6,2013.0,0.0,Unstable
CD011778,7,2014.0,0.0,Unstable
CD011778,8,2014.0,0.0,Unstable
CD011778,9,2014.0,62.5,Fragile
CD011778,10,2015.0,62.5,Fragile
CD011778,11,2015.0,75.0,Moderate
CD011778,12,2015.0,100.0,Robust
CD011778,13,2015.0,100.0,Robust
CD011778,14,2015.0,100.0,Robust
CD011778,15,2016.0,100.0,Robust
CD011778,16,2016.0,100.0,Robust
CD011778,17,2016.0,100.0,Robust
CD011778,18,2016.0,100.0,Robust
CD011778,19,2018.0,100.0,Robust
CD011778,20,2019.0,100.0,Robust
CD011778,21,2019.0,100.0,Robust
CD011778,22,2019.0,100.0,Robust
CD011778,23,2019.0,100.0,Robust
CD011778,24,2020.0,100.0,Robust
CD011778,25,2020.0,100.0,Robust
CD011778,26,2020.0,100.0,Robust
CD011778,27,2020.0,100.0,Robust
CD011778,28,2021.0,100.0,Robust
CD011778,29,2021.0,100.0,Robust
CD011778,30,2022.0,100.0,Robust
CD011778,31,2022.0,100.0,Robust
CD011778,32,2022.0,100.0,Robust
CD011778,33,0,100.0,Robust
CD011778,34,0,100.0,Robust
CD011778,35,0,100.0,Robust
CD011778,36,0,100.0,Robust
CD011778,37,0,100.0,Robust
CD011778,38,0,100.0,Robust
CD011793,3,2003.0,0.0,Unstable
CD011793,4,2007.0,0.0,Unstable
CD011793,5,2009.0,0.0,Unstable
CD011793,6,2015.0,0.0,Unstable
CD011793,7,2018.0,0.0,Unstable
CD011793,8,2018.0,0.0,Unstable
CD011793,9,2019.0,0.0,Unstable
CD011793,10,2019.0,0.0,Unstable
CD011793,11,2020.0,0.0,Unstable
CD011793,12,2020.0,0.0,Unstable
CD011793,13,2021.0,0.0,Unstable
CD011866,3,1999.0,0.0,Unstable
CD011866,4,2001.0,0.0,Unstable
CD011866,5,2003.0,12.5,Unstable
CD011866,6,2005.0,12.5,Unstable
CD011866,7,2005.0,50.0,Fragile
CD011866,8,2005.0,62.5,Fragile
CD011866,9,2006.0,62.5,Fragile
CD011866,10,2006.0,62.5,Fragile
CD011866,11,2007.0,75.0,Moderate
CD011866,12,2007.0,100.0,Robust
CD011866,13,2009.0,100.0,Robust
CD011866,14,2010.0,100.0,Robust
CD011866,15,2011.0,100.0,Robust
CD011866,16,2012.0,87.5,Moderate
CD011866,17,2013.0,100.0,Robust
CD011866,18,2013.0,100.0,Robust
CD011866,19,2013.0,100.0,Robust
CD011866,20,2014.0,100.0,Robust
CD011866,21,2014.0,100.0,Robust
CD011866,22,2015.0,100.0,Robust
CD011866,23,2016.0,100.0,Robust
CD011866,24,2017.0,100.0,Robust
CD011866,25,2018.0,100.0,Robust
CD011866,26,2018.0,100.0,Robust
CD011866,27,2019.0,100.0,Robust
CD011866,28,0,100.0,Robust
CD011885,3,2010.0,0.0,Unstable
CD011885,4,2011.0,0.0,Unstable
CD011885,5,2011.0,0.0,Unstable
CD011885,6,2018.0,0.0,Unstable
CD011885,7,2022.0,12.5,Unstable
CD012067,3,2011.0,0.0,Unstable
CD012067,4,2011.0,0.0,Unstable
CD012067,5,2011.0,0.0,Unstable
CD012067,6,2011.0,50.0,Fragile
CD012067,7,2011.0,75.0,Moderate
CD012067,8,2011.0,50.0,Fragile
CD012067,9,2011.0,50.0,Fragile
CD012067,10,2017.0,75.0,Moderate
CD012067,11,2017.0,37.5,Unstable
CD012067,12,2017.0,50.0,Fragile
CD012067,13,2017.0,75.0,Moderate
CD012067,14,2017.0,100.0,Robust
CD012067,15,2017.0,100.0,Robust
CD012067,16,2017.0,100.0,Robust
CD012067,17,2017.0,75.0,Moderate
CD012067,18,2017.0,100.0,Robust
CD012067,19,2017.0,75.0,Moderate
CD012067,20,2017.0,100.0,Robust
CD012067,21,2018.0,100.0,Robust
CD012067,22,2018.0,100.0,Robust
CD012067,23,2018.0,100.0,Robust
CD012067,24,2018.0,100.0,Robust
CD012067,25,2018.0,100.0,Robust
CD012067,26,2018.0,100.0,Robust
CD012067,27,2018.0,100.0,Robust
CD012067,28,2018.0,100.0,Robust
CD012067,29,2019.0,100.0,Robust
CD012067,30,2019.0,100.0,Robust
CD012067,31,2019.0,100.0,Robust
CD012067,32,2019.0,100.0,Robust
CD012067,33,2019.0,100.0,Robust
CD012067,34,2019.0,100.0,Robust
CD012067,35,2019.0,100.0,Robust
CD012067,36,2019.0,100.0,Robust
CD012067,37,2019.0,100.0,Robust
CD012067,38,2019.0,100.0,Robust
CD012079,3,2008.0,0.0,Unstable
CD012079,4,2009.0,0.0,Unstable
CD012079,5,2010.0,0.0,Unstable
CD012079,6,2010.0,0.0,Unstable
CD012079,7,2010.0,0.0,Unstable
CD012079,8,2010.0,0.0,Unstable
CD012079,9,2010.0,0.0,Unstable
CD012079,10,2010.0,0.0,Unstable
CD012079,11,2010.0,0.0,Unstable
CD012079,12,2010.0,0.0,Unstable
CD012079,13,2010.0,0.0,Unstable
CD012079,14,2011.0,0.0,Unstable
CD012079,15,2011.0,87.5,Moderate
CD012079,16,2011.0,100.0,Robust
CD012079,17,2011.0,100.0,Robust
CD012079,18,2012.0,100.0,Robust
CD012079,19,2012.0,0.0,Unstable
CD012079,20,2012.0,37.5,Unstable
CD012079,21,2012.0,87.5,Moderate
CD012079,22,2013.0,0.0,Unstable
CD012079,23,2013.0,0.0,Unstable
CD012079,24,2013.0,0.0,Unstable
CD012079,25,2013.0,0.0,Unstable
CD012079,26,2013.0,0.0,Unstable
CD012079,27,2013.0,0.0,Unstable
CD012079,28,2013.0,0.0,Unstable
CD012079,29,2014.0,37.5,Unstable
CD012079,30,2014.0,75.0,Moderate
CD012079,31,2014.0,0.0,Unstable
CD012079,32,2014.0,0.0,Unstable
CD012079,33,2014.0,0.0,Unstable
CD012079,34,2014.0,25.0,Unstable
CD012079,35,2014.0,75.0,Moderate
CD012079,36,2014.0,75.0,Moderate
CD012079,37,2014.0,75.0,Moderate
CD012079,38,2016.0,75.0,Moderate
CD012079,39,2017.0,75.0,Moderate
CD012079,40,2017.0,75.0,Moderate
CD012079,41,2017.0,75.0,Moderate
CD012079,42,2019.0,75.0,Moderate
CD012079,43,2019.0,100.0,Robust
CD012079,44,2019.0,100.0,Robust
CD012079,45,2019.0,87.5,Moderate
CD012079,46,2020.0,75.0,Moderate
CD012079,47,2020.0,75.0,Moderate
CD012079,48,2020.0,75.0,Moderate
CD012079,49,2020.0,75.0,Moderate
CD012079,50,2020.0,75.0,Moderate
CD012079,51,0,75.0,Moderate
CD012079,52,0,75.0,Moderate
CD012170,3,2017.0,25.0,Unstable
CD012170,4,2019.0,25.0,Unstable
CD012170,5,2019.0,25.0,Unstable
CD012170,6,2019.0,25.0,Unstable
CD012170,7,2020.0,25.0,Unstable
CD012170,8,2023.0,25.0,Unstable
CD012178,3,2012.0,0.0,Unstable
CD012178,4,2013.0,0.0,Unstable
CD012178,5,2013.0,0.0,Unstable
CD012186,3,1989.0,50.0,Fragile
CD012186,4,1991.0,100.0,Robust
CD012186,5,1993.0,100.0,Robust
CD012186,6,1993.0,100.0,Robust
CD012186,7,1993.0,100.0,Robust
CD012186,8,1995.0,100.0,Robust
CD012186,9,1996.0,100.0,Robust
CD012186,10,1997.0,100.0,Robust
CD012186,11,1997.0,100.0,Robust
CD012186,12,1998.0,100.0,Robust
CD012186,13,1998.0,100.0,Robust
CD012186,14,1999.0,100.0,Robust
CD012186,15,2000.0,100.0,Robust
CD012186,16,2001.0,100.0,Robust
CD012186,17,2001.0,100.0,Robust
CD012186,18,2001.0,100.0,Robust
CD012186,19,2002.0,100.0,Robust
CD012186,20,2002.0,100.0,Robust
CD012186,21,2002.0,100.0,Robust
CD012186,22,2002.0,100.0,Robust
CD012186,23,2002.0,100.0,Robust
CD012186,24,2003.0,100.0,Robust
CD012186,25,2003.0,100.0,Robust
CD012186,26,2004.0,100.0,Robust
CD012186,27,2004.0,100.0,Robust
CD012186,28,2004.0,100.0,Robust
CD012186,29,2005.0,100.0,Robust
CD012186,30,2006.0,100.0,Robust
CD012186,31,2006.0,100.0,Robust
CD012186,32,2006.0,100.0,Robust
CD012186,33,2006.0,100.0,Robust
CD012186,34,2007.0,100.0,Robust
CD012186,35,2007.0,100.0,Robust
CD012186,36,2007.0,100.0,Robust
CD012186,37,2008.0,100.0,Robust
CD012186,38,2008.0,100.0,Robust
CD012186,39,2008.0,100.0,Robust
CD012186,40,2008.0,100.0,Robust
CD012186,41,2008.0,100.0,Robust
CD012186,42,2009.0,100.0,Robust
CD012186,43,2009.0,100.0,Robust
CD012186,44,2009.0,100.0,Robust
CD012186,45,2009.0,100.0,Robust
CD012186,46,2009.0,100.0,Robust
CD012186,47,2010.0,100.0,Robust
CD012186,48,2010.0,100.0,Robust
CD012186,49,2010.0,100.0,Robust
CD012186,50,2010.0,100.0,Robust
CD012186,51,2011.0,100.0,Robust
CD012186,52,2011.0,100.0,Robust
CD012186,53,2011.0,100.0,Robust
CD012186,54,2011.0,100.0,Robust
CD012186,55,2012.0,100.0,Robust
CD012186,56,2012.0,100.0,Robust
CD012186,57,2012.0,100.0,Robust
CD012186,58,2012.0,100.0,Robust
CD012186,59,2012.0,100.0,Robust
CD012186,60,2012.0,100.0,Robust
CD012186,61,2012.0,100.0,Robust
CD012186,62,2012.0,100.0,Robust
CD012186,63,2012.0,100.0,Robust
CD012186,64,2012.0,100.0,Robust
CD012186,65,2013.0,100.0,Robust
CD012186,66,2013.0,100.0,Robust
CD012186,67,2013.0,100.0,Robust
CD012186,68,2013.0,100.0,Robust
CD012186,69,2014.0,100.0,Robust
CD012186,70,2014.0,100.0,Robust
CD012186,71,2014.0,100.0,Robust
CD012186,72,2014.0,100.0,Robust
CD012186,73,2014.0,100.0,Robust
CD012186,74,2014.0,100.0,Robust
CD012186,75,2014.0,100.0,Robust
CD012186,76,2014.0,100.0,Robust
CD012186,77,2014.0,100.0,Robust
CD012186,78,2014.0,100.0,Robust
CD012186,79,2015.0,100.0,Robust
CD012186,80,2015.0,100.0,Robust
CD012186,81,2016.0,100.0,Robust
CD012186,82,2016.0,100.0,Robust
CD012186,83,2017.0,100.0,Robust
CD012186,84,2017.0,100.0,Robust
CD012186,85,2017.0,100.0,Robust
CD012186,86,2017.0,100.0,Robust
CD012186,87,2017.0,100.0,Robust
CD012186,88,2017.0,100.0,Robust
CD012186,89,2017.0,100.0,Robust
CD012186,90,2017.0,100.0,Robust
CD012186,91,2018.0,100.0,Robust
CD012186,92,2018.0,100.0,Robust
CD012186,93,2018.0,100.0,Robust
CD012186,94,2019.0,100.0,Robust
CD012186,95,2019.0,100.0,Robust
CD012186,96,2019.0,100.0,Robust
CD012186,97,2020.0,100.0,Robust
CD012186,98,2020.0,100.0,Robust
CD012186,99,2020.0,100.0,Robust
CD012186,100,2020.0,100.0,Robust
CD012186,101,2020.0,100.0,Robust
CD012186,102,2020.0,100.0,Robust
CD012186,103,2021.0,100.0,Robust
CD012186,104,2021.0,100.0,Robust
CD012186,105,2022.0,100.0,Robust
CD012268,3,2004.0,0.0,Unstable
CD012268,4,2004.0,0.0,Unstable
CD012268,5,2005.0,0.0,Unstable
CD012268,6,2007.0,0.0,Unstable
CD012268,7,2007.0,0.0,Unstable
CD012268,8,2007.0,0.0,Unstable
CD012268,9,2009.0,0.0,Unstable
CD012268,10,2009.0,0.0,Unstable
CD012268,11,2009.0,0.0,Unstable
CD012268,12,2009.0,0.0,Unstable
CD012268,13,2010.0,0.0,Unstable
CD012268,14,2010.0,0.0,Unstable
CD012268,15,2015.0,0.0,Unstable
CD012268,16,2015.0,50.0,Fragile
CD012268,17,2017.0,25.0,Unstable
CD012268,18,2018.0,25.0,Unstable
CD012268,19,2020.0,25.0,Unstable
CD012268,20,2020.0,25.0,Unstable
CD012268,21,2020.0,25.0,Unstable
CD012445,3,2015.0,0.0,Unstable
CD012445,4,2021.0,0.0,Unstable
CD012445,5,0,0.0,Unstable
CD012503,3,2015.0,50.0,Fragile
CD012503,4,2017.0,50.0,Fragile
CD012503,5,2018.0,100.0,Robust
CD012503,6,2019.0,100.0,Robust
CD012503,7,2019.0,100.0,Robust
CD012503,8,2020.0,100.0,Robust
CD012503,9,2020.0,100.0,Robust
CD012503,10,2021.0,100.0,Robust
CD012503,11,2022.0,100.0,Robust
CD012503,12,2022.0,50.0,Fragile
CD012503,13,2022.0,75.0,Moderate
CD012503,14,2023.0,100.0,Robust
CD012503,15,2023.0,100.0,Robust
CD012503,16,2024.0,100.0,Robust
CD012503,17,2025.0,100.0,Robust
CD012570,3,2005.0,0.0,Unstable
CD012570,4,2007.0,0.0,Unstable
CD012570,5,2007.0,0.0,Unstable
CD012570,6,2009.0,0.0,Unstable
CD012570,7,2010.0,0.0,Unstable
CD012570,8,2010.0,0.0,Unstable
CD012570,9,2011.0,0.0,Unstable
CD012570,10,2013.0,0.0,Unstable
CD012586,3,2000.0,0.0,Unstable
CD012586,4,2000.0,0.0,Unstable
CD012586,5,2000.0,50.0,Fragile
CD012586,6,2001.0,0.0,Unstable
CD012586,7,2003.0,0.0,Unstable
CD012586,8,2003.0,0.0,Unstable
CD012586,9,2004.0,0.0,Unstable
CD012586,10,2005.0,50.0,Fragile
CD012586,11,2005.0,50.0,Fragile
CD012586,12,2005.0,0.0,Unstable
CD012586,13,2005.0,0.0,Unstable
CD012586,14,2005.0,0.0,Unstable
CD012586,15,2006.0,0.0,Unstable
CD012586,16,2006.0,0.0,Unstable
CD012586,17,2007.0,0.0,Unstable
CD012586,18,2008.0,0.0,Unstable
CD012586,19,2009.0,0.0,Unstable
CD012586,20,2009.0,0.0,Unstable
CD012586,21,2009.0,0.0,Unstable
CD012586,22,2010.0,0.0,Unstable
CD012586,23,2010.0,0.0,Unstable
CD012586,24,2010.0,0.0,Unstable
CD012586,25,2011.0,0.0,Unstable
CD012586,26,2011.0,0.0,Unstable
CD012586,27,2012.0,0.0,Unstable
CD012586,28,2012.0,0.0,Unstable
CD012586,29,2012.0,0.0,Unstable
CD012586,30,2012.0,0.0,Unstable
CD012586,31,2012.0,0.0,Unstable
CD012586,32,2012.0,0.0,Unstable
CD012586,33,2012.0,0.0,Unstable
CD012586,34,2014.0,0.0,Unstable
CD012586,35,2014.0,0.0,Unstable
CD012586,36,2014.0,0.0,Unstable
CD012586,37,2016.0,0.0,Unstable
CD012586,38,2017.0,0.0,Unstable
CD012586,39,2018.0,0.0,Unstable
CD012586,40,2020.0,0.0,Unstable
CD012586,41,2020.0,0.0,Unstable
CD012586,42,2020.0,0.0,Unstable
CD012623,3,2011.0,0.0,Unstable
CD012623,4,2011.0,0.0,Unstable
CD012623,5,2012.0,0.0,Unstable
CD012623,6,2012.0,0.0,Unstable
CD012623,7,2016.0,0.0,Unstable
CD012623,8,2016.0,0.0,Unstable
CD012623,9,2020.0,25.0,Unstable
CD012635,3,2015.0,0.0,Unstable
CD012635,4,2015.0,0.0,Unstable
CD012635,5,2018.0,0.0,Unstable
CD012635,6,2023.0,0.0,Unstable
CD012693,3,2004.0,37.5,Unstable
CD012693,4,2005.0,12.5,Unstable
CD012693,5,2010.0,50.0,Fragile
CD012693,6,0,37.5,Unstable
CD012693,7,0,100.0,Robust
CD012693,8,0,100.0,Robust
CD012712,3,2017.0,50.0,Fragile
CD012712,4,2017.0,100.0,Robust
CD012712,5,2017.0,100.0,Robust
CD012712,6,2019.0,100.0,Robust
CD012712,7,2019.0,100.0,Robust
CD012712,8,2019.0,100.0,Robust
CD012712,9,2019.0,100.0,Robust
CD012712,10,2019.0,100.0,Robust
CD012712,11,2019.0,100.0,Robust
CD012712,12,2019.0,100.0,Robust
CD012712,13,2019.0,100.0,Robust
CD012712,14,2019.0,100.0,Robust
CD012712,15,2020.0,100.0,Robust
CD012712,16,2021.0,100.0,Robust
CD012712,17,2021.0,100.0,Robust
CD012712,18,2021.0,100.0,Robust
CD012712,19,2021.0,100.0,Robust
CD012712,20,2021.0,100.0,Robust
CD012718,3,2018.0,62.5,Fragile
CD012718,4,2018.0,87.5,Moderate
CD012718,5,2018.0,100.0,Robust
CD012850,3,2006.0,0.0,Unstable
CD012850,4,2006.0,0.0,Unstable
CD012850,5,2006.0,0.0,Unstable
CD012891,3,0,0.0,Unstable
CD012891,4,0,25.0,Unstable
CD012891,5,0,50.0,Fragile
CD012891,6,0,100.0,Robust
CD012891,7,0,75.0,Moderate
CD012891,8,0,62.5,Fragile
CD012891,9,0,75.0,Moderate
CD012891,10,0,100.0,Robust
CD012891,11,0,100.0,Robust
CD012891,12,0,100.0,Robust
CD012891,13,0,100.0,Robust
CD012905,3,2002.0,0.0,Unstable
CD012905,4,2002.0,0.0,Unstable
CD012905,5,2004.0,0.0,Unstable
CD012905,6,2005.0,12.5,Unstable
CD012905,7,2007.0,62.5,Fragile
CD012905,8,2007.0,100.0,Robust
CD012905,9,2010.0,100.0,Robust
CD012905,10,2010.0,62.5,Fragile
CD012905,11,2011.0,100.0,Robust
CD012905,12,2011.0,100.0,Robust
CD012925,3,2019.0,0.0,Unstable
CD012925,4,2019.0,0.0,Unstable
CD012925,5,2019.0,0.0,Unstable
CD012925,6,2019.0,0.0,Unstable
CD012942,3,2000.0,0.0,Unstable
CD012942,4,2000.0,0.0,Unstable
CD012942,5,2000.0,0.0,Unstable
CD012942,6,2001.0,0.0,Unstable
CD012942,7,2001.0,0.0,Unstable
CD012942,8,2001.0,0.0,Unstable
CD012942,9,2001.0,0.0,Unstable
CD012942,10,2003.0,0.0,Unstable
CD012942,11,2003.0,0.0,Unstable
CD012942,12,2004.0,0.0,Unstable
CD012942,13,2004.0,0.0,Unstable
CD012942,14,2004.0,0.0,Unstable
CD012942,15,2006.0,0.0,Unstable
CD012942,16,2006.0,0.0,Unstable
CD012942,17,2006.0,0.0,Unstable
CD012942,18,2006.0,0.0,Unstable
CD012942,19,2006.0,0.0,Unstable
CD012942,20,2007.0,0.0,Unstable
CD012942,21,2008.0,0.0,Unstable
CD012942,22,2008.0,0.0,Unstable
CD012942,23,2008.0,0.0,Unstable
CD012942,24,2008.0,0.0,Unstable
CD012942,25,2008.0,0.0,Unstable
CD012942,26,2008.0,0.0,Unstable
CD012942,27,2009.0,0.0,Unstable
CD012942,28,2009.0,0.0,Unstable
CD012942,29,2009.0,0.0,Unstable
CD012942,30,2011.0,0.0,Unstable
CD012942,31,2014.0,0.0,Unstable
CD012942,32,2014.0,0.0,Unstable
CD012942,33,2014.0,0.0,Unstable
CD012942,34,2014.0,0.0,Unstable
CD012942,35,2015.0,0.0,Unstable
CD012942,36,2017.0,0.0,Unstable
CD012993,3,2021.0,0.0,Unstable
CD012993,4,2021.0,0.0,Unstable
CD012993,5,2021.0,0.0,Unstable
CD012993,6,2021.0,0.0,Unstable
CD012993,7,2021.0,0.0,Unstable
CD012993,8,2021.0,12.5,Unstable
CD012993,9,2021.0,50.0,Fragile
CD012993,10,2021.0,0.0,Unstable
CD012993,11,2021.0,0.0,Unstable
CD012993,12,2021.0,0.0,Unstable
CD012993,13,2021.0,0.0,Unstable
CD013042,3,2002.0,0.0,Unstable
CD013042,4,2003.0,0.0,Unstable
CD013042,5,2003.0,0.0,Unstable
CD013042,6,2004.0,0.0,Unstable
CD013042,7,2004.0,0.0,Unstable
CD013042,8,2006.0,0.0,Unstable
CD013042,9,2006.0,0.0,Unstable
CD013042,10,2006.0,0.0,Unstable
CD013042,11,2015.0,0.0,Unstable
CD013042,12,2015.0,0.0,Unstable
CD013042,13,2020.0,0.0,Unstable
CD013051,3,0,75.0,Moderate
CD013051,4,1995.0,25.0,Unstable
CD013051,5,1995.0,50.0,Fragile
CD013051,6,2012.0,87.5,Moderate
CD013051,7,2016.0,100.0,Robust
CD013052,3,0,0.0,Unstable
CD013052,4,0,0.0,Unstable
CD013052,5,2018.0,0.0,Unstable
CD013054,3,0,100.0,Robust
CD013054,4,0,100.0,Robust
CD013054,5,0,100.0,Robust
CD013054,6,0,100.0,Robust
CD013054,7,0,100.0,Robust
CD013054,8,0,100.0,Robust
CD013059,3,2014.0,0.0,Unstable
CD013059,4,2015.0,0.0,Unstable
CD013059,5,2018.0,50.0,Fragile
CD013071,3,2002.0,0.0,Unstable
CD013071,4,2006.0,0.0,Unstable
CD013071,5,2007.0,0.0,Unstable
CD013071,6,2009.0,0.0,Unstable
CD013071,7,2009.0,0.0,Unstable
CD013071,8,2010.0,0.0,Unstable
CD013071,9,2010.0,0.0,Unstable
CD013071,10,2012.0,0.0,Unstable
CD013071,11,2012.0,0.0,Unstable
CD013071,12,2013.0,0.0,Unstable
CD013071,13,2015.0,0.0,Unstable
CD013071,14,2016.0,0.0,Unstable
CD013071,15,2016.0,0.0,Unstable
CD013071,16,2017.0,0.0,Unstable
CD013105,3,2018.0,0.0,Unstable
CD013105,4,2020.0,0.0,Unstable
CD013105,5,2020.0,0.0,Unstable
CD013197,3,2014.0,0.0,Unstable
CD013197,4,2014.0,0.0,Unstable
CD013197,5,2015.0,0.0,Unstable
CD013197,6,2015.0,0.0,Unstable
CD013197,7,2016.0,0.0,Unstable
CD013197,8,2016.0,0.0,Unstable
CD013197,9,2017.0,0.0,Unstable
CD013197,10,2017.0,0.0,Unstable
CD013197,11,2017.0,0.0,Unstable
CD013197,12,2017.0,0.0,Unstable
CD013197,13,2017.0,0.0,Unstable
CD013197,14,2017.0,0.0,Unstable
CD013197,15,2018.0,0.0,Unstable
CD013197,16,2018.0,0.0,Unstable
CD013197,17,2018.0,0.0,Unstable
CD013197,18,2018.0,0.0,Unstable
CD013197,19,2019.0,0.0,Unstable
CD013197,20,2019.0,0.0,Unstable
CD013197,21,2019.0,0.0,Unstable
CD013197,22,2019.0,0.0,Unstable
CD013197,23,2019.0,0.0,Unstable
CD013197,24,2019.0,0.0,Unstable
CD013197,25,2019.0,0.0,Unstable
CD013197,26,2019.0,0.0,Unstable
CD013197,27,2019.0,0.0,Unstable
CD013197,28,2019.0,0.0,Unstable
CD013197,29,2019.0,0.0,Unstable
CD013197,30,2019.0,0.0,Unstable
CD013197,31,2019.0,0.0,Unstable
CD013197,32,2019.0,0.0,Unstable
CD013197,33,2020.0,0.0,Unstable
CD013197,34,2020.0,0.0,Unstable
CD013197,35,2020.0,0.0,Unstable
CD013197,36,2020.0,0.0,Unstable
CD013197,37,2020.0,0.0,Unstable
CD013197,38,2020.0,0.0,Unstable
CD013197,39,2020.0,0.0,Unstable
CD013197,40,2020.0,0.0,Unstable
CD013197,41,2021.0,0.0,Unstable
CD013197,42,2021.0,0.0,Unstable
CD013197,43,2021.0,0.0,Unstable
CD013197,44,2021.0,0.0,Unstable
CD013197,45,2021.0,0.0,Unstable
CD013197,46,2021.0,0.0,Unstable
CD013197,47,2021.0,0.0,Unstable
CD013197,48,2021.0,0.0,Unstable
CD013197,49,2021.0,0.0,Unstable
CD013197,50,2021.0,0.0,Unstable
CD013197,51,2021.0,0.0,Unstable
CD013197,52,2021.0,0.0,Unstable
CD013197,53,2022.0,0.0,Unstable
CD013197,54,2022.0,0.0,Unstable
CD013197,55,2022.0,0.0,Unstable
CD013197,56,2022.0,0.0,Unstable
CD013197,57,2022.0,0.0,Unstable
CD013197,58,2022.0,0.0,Unstable
CD013197,59,2022.0,0.0,Unstable
CD013197,60,2022.0,0.0,Unstable
CD013197,61,2022.0,0.0,Unstable
CD013197,62,2022.0,0.0,Unstable
CD013197,63,2022.0,0.0,Unstable
CD013197,64,2022.0,0.0,Unstable
CD013232,3,1987.0,0.0,Unstable
CD013232,4,1987.0,0.0,Unstable
CD013232,5,1987.0,0.0,Unstable
CD013232,6,1987.0,0.0,Unstable
CD013232,7,1992.0,0.0,Unstable
CD013232,8,1992.0,0.0,Unstable
CD013232,9,1992.0,0.0,Unstable
CD013232,10,1992.0,0.0,Unstable
CD013232,11,1993.0,0.0,Unstable
CD013232,12,1993.0,0.0,Unstable
CD013232,13,1993.0,0.0,Unstable
CD013232,14,1993.0,0.0,Unstable
CD013232,15,1993.0,0.0,Unstable
CD013232,16,1995.0,0.0,Unstable
CD013232,17,2005.0,0.0,Unstable
CD013232,18,2005.0,0.0,Unstable
CD013232,19,2007.0,0.0,Unstable
CD013232,20,2007.0,0.0,Unstable
CD013232,21,2007.0,0.0,Unstable
CD013232,22,2007.0,0.0,Unstable
CD013232,23,2007.0,0.0,Unstable
CD013232,24,2007.0,0.0,Unstable
CD013232,25,2007.0,0.0,Unstable
CD013232,26,2007.0,0.0,Unstable
CD013232,27,2012.0,0.0,Unstable
CD013232,28,2012.0,0.0,Unstable
CD013232,29,2012.0,0.0,Unstable
CD013232,30,2012.0,0.0,Unstable
CD013232,31,2012.0,0.0,Unstable
CD013232,32,2012.0,0.0,Unstable
CD013232,33,2012.0,0.0,Unstable
CD013232,34,2013.0,0.0,Unstable
CD013232,35,2013.0,0.0,Unstable
CD013232,36,2013.0,0.0,Unstable
CD013232,37,2013.0,0.0,Unstable
CD013232,38,2013.0,0.0,Unstable
CD013232,39,2013.0,0.0,Unstable
CD013232,40,2013.0,0.0,Unstable
CD013232,41,2013.0,0.0,Unstable
CD013232,42,2013.0,0.0,Unstable
CD013232,43,2013.0,0.0,Unstable
CD013232,44,2013.0,0.0,Unstable
CD013232,45,2013.0,0.0,Unstable
CD013232,46,2013.0,0.0,Unstable
CD013232,47,2013.0,0.0,Unstable
CD013232,48,2013.0,0.0,Unstable
CD013232,49,2013.0,0.0,Unstable
CD013232,50,2013.0,0.0,Unstable
CD013232,51,2013.0,0.0,Unstable
CD013232,52,2013.0,0.0,Unstable
CD013232,53,2014.0,0.0,Unstable
CD013232,54,2014.0,0.0,Unstable
CD013232,55,2014.0,0.0,Unstable
CD013232,56,2014.0,0.0,Unstable
CD013232,57,2015.0,0.0,Unstable
CD013232,58,2015.0,0.0,Unstable
CD013232,59,2015.0,0.0,Unstable
CD013232,60,2016.0,0.0,Unstable
CD013232,61,2016.0,0.0,Unstable
CD013232,62,2016.0,0.0,Unstable
CD013232,63,2016.0,0.0,Unstable
CD013232,64,2016.0,0.0,Unstable
CD013232,65,2016.0,0.0,Unstable
CD013232,66,2016.0,0.0,Unstable
CD013232,67,2016.0,0.0,Unstable
CD013232,68,2016.0,0.0,Unstable
CD013232,69,2016.0,0.0,Unstable
CD013232,70,2018.0,0.0,Unstable
CD013232,71,2018.0,0.0,Unstable
CD013232,72,2018.0,0.0,Unstable
CD013232,73,2018.0,0.0,Unstable
CD013232,74,2018.0,0.0,Unstable
CD013232,75,2018.0,0.0,Unstable
CD013232,76,2018.0,0.0,Unstable
CD013232,77,2018.0,0.0,Unstable
CD013232,78,2018.0,0.0,Unstable
CD013232,79,2018.0,0.0,Unstable
CD013232,80,2018.0,0.0,Unstable
CD013232,81,2018.0,0.0,Unstable
CD013232,82,2018.0,0.0,Unstable
CD013232,83,2018.0,0.0,Unstable
CD013232,84,2018.0,0.0,Unstable
CD013232,85,2019.0,0.0,Unstable
CD013232,86,2019.0,0.0,Unstable
CD013232,87,2020.0,0.0,Unstable
CD013232,88,2020.0,0.0,Unstable
CD013232,89,2020.0,0.0,Unstable
CD013232,90,2020.0,0.0,Unstable
CD013232,91,2020.0,0.0,Unstable
CD013232,92,2020.0,0.0,Unstable
CD013232,93,2020.0,0.0,Unstable
CD013232,94,2020.0,0.0,Unstable
CD013232,95,2020.0,0.0,Unstable
CD013232,96,2020.0,0.0,Unstable
CD013232,97,2021.0,0.0,Unstable
CD013232,98,2021.0,0.0,Unstable
CD013232,99,2021.0,0.0,Unstable
CD013232,100,2021.0,0.0,Unstable
CD013232,101,2021.0,0.0,Unstable
CD013232,102,2021.0,0.0,Unstable
CD013232,103,0,0.0,Unstable
CD013232,104,0,0.0,Unstable
CD013232,105,0,0.0,Unstable
CD013232,106,0,0.0,Unstable
CD013232,107,0,0.0,Unstable
CD013232,108,0,0.0,Unstable
CD013232,109,0,0.0,Unstable
CD013232,110,0,0.0,Unstable
CD013232,111,0,0.0,Unstable
CD013232,112,0,0.0,Unstable
CD013232,113,0,0.0,Unstable
CD013232,114,0,0.0,Unstable
CD013232,115,0,0.0,Unstable
CD013232,116,0,0.0,Unstable
CD013232,117,0,0.0,Unstable
CD013232,118,0,0.0,Unstable
CD013232,119,0,0.0,Unstable
CD013232,120,0,0.0,Unstable
CD013232,121,0,0.0,Unstable
CD013255,3,1996.0,100.0,Robust
CD013255,4,1997.0,100.0,Robust
CD013255,5,1998.0,100.0,Robust
CD013255,6,1998.0,100.0,Robust
CD013255,7,1998.0,100.0,Robust
CD013255,8,2007.0,100.0,Robust
CD013255,9,2011.0,100.0,Robust
CD013278,3,2010.0,0.0,Unstable
CD013278,4,2012.0,0.0,Unstable
CD013278,5,2014.0,0.0,Unstable
CD013278,6,2021.0,0.0,Unstable
CD013278,7,2021.0,0.0,Unstable
CD013278,8,2021.0,0.0,Unstable
CD013278,9,2021.0,0.0,Unstable
CD013278,10,2023.0,0.0,Unstable
CD013278,11,2024.0,0.0,Unstable
CD013278,12,2024.0,0.0,Unstable
CD013295,3,0,0.0,Unstable
CD013295,4,0,0.0,Unstable
CD013295,5,0,0.0,Unstable
CD013295,6,1995.0,0.0,Unstable
CD013295,7,1996.0,100.0,Robust
CD013295,8,1997.0,100.0,Robust
CD013295,9,1999.0,100.0,Robust
CD013295,10,2000.0,100.0,Robust
CD013295,11,2000.0,100.0,Robust
CD013295,12,2000.0,100.0,Robust
CD013295,13,2001.0,100.0,Robust
CD013295,14,2001.0,100.0,Robust
CD013295,15,2001.0,87.5,Moderate
CD013295,16,2001.0,100.0,Robust
CD013295,17,2001.0,37.5,Unstable
CD013295,18,2002.0,62.5,Fragile
CD013295,19,2003.0,100.0,Robust
CD013295,20,2003.0,100.0,Robust
CD013295,21,2003.0,100.0,Robust
CD013295,22,2004.0,100.0,Robust
CD013295,23,2005.0,100.0,Robust
CD013295,24,2005.0,100.0,Robust
CD013295,25,2005.0,100.0,Robust
CD013295,26,2005.0,100.0,Robust
CD013295,27,2005.0,100.0,Robust
CD013295,28,2006.0,100.0,Robust
CD013295,29,2006.0,100.0,Robust
CD013295,30,2006.0,100.0,Robust
CD013295,31,2006.0,100.0,Robust
CD013295,32,2007.0,100.0,Robust
CD013295,33,2007.0,100.0,Robust
CD013295,34,2007.0,100.0,Robust
CD013295,35,2008.0,100.0,Robust
CD013295,36,2009.0,100.0,Robust
CD013295,37,2016.0,100.0,Robust
CD013295,38,2017.0,100.0,Robust
CD013295,39,2017.0,100.0,Robust
CD013295,40,2017.0,100.0,Robust
CD013295,41,2017.0,100.0,Robust
CD013295,42,2017.0,100.0,Robust
CD013295,43,2017.0,100.0,Robust
CD013295,44,2018.0,100.0,Robust
CD013295,45,2018.0,100.0,Robust
CD013295,46,2018.0,100.0,Robust
CD013295,47,2018.0,100.0,Robust
CD013295,48,2018.0,100.0,Robust
CD013295,49,2018.0,100.0,Robust
CD013295,50,2019.0,100.0,Robust
CD013295,51,2019.0,100.0,Robust
CD013295,52,2019.0,100.0,Robust
CD013295,53,2019.0,100.0,Robust
CD013295,54,2019.0,100.0,Robust
CD013295,55,2020.0,100.0,Robust
CD013295,56,2020.0,100.0,Robust
CD013295,57,2020.0,100.0,Robust
CD013295,58,2020.0,100.0,Robust
CD013295,59,2020.0,100.0,Robust
CD013295,60,2020.0,100.0,Robust
CD013295,61,2020.0,100.0,Robust
CD013295,62,2020.0,100.0,Robust
CD013295,63,2021.0,100.0,Robust
CD013295,64,2021.0,100.0,Robust
CD013295,65,2022.0,100.0,Robust
CD013295,66,2022.0,100.0,Robust
CD013332,3,2005.0,50.0,Fragile
CD013332,4,2005.0,62.5,Fragile
CD013332,5,2010.0,100.0,Robust
CD013332,6,2010.0,62.5,Fragile
CD013332,7,2012.0,87.5,Moderate
CD013332,8,2012.0,100.0,Robust
CD013332,9,2017.0,100.0,Robust
CD013332,10,2017.0,100.0,Robust
CD013342,3,2018.0,0.0,Unstable
CD013342,4,2019.0,0.0,Unstable
CD013342,5,2019.0,25.0,Unstable
CD013342,6,2020.0,50.0,Fragile
CD013342,7,2023.0,37.5,Unstable
CD013342,8,2023.0,50.0,Fragile
CD013344,3,2010.0,0.0,Unstable
CD013344,4,2010.0,0.0,Unstable
CD013344,5,2010.0,0.0,Unstable
CD013344,6,2010.0,0.0,Unstable
CD013353,3,2021.0,62.5,Fragile
CD013353,4,2021.0,87.5,Moderate
CD013353,5,2021.0,100.0,Robust
CD013353,6,2022.0,100.0,Robust
CD013358,3,2020.0,0.0,Unstable
CD013358,4,2020.0,0.0,Unstable
CD013358,5,2021.0,0.0,Unstable
CD013358,6,0,0.0,Unstable
CD013366,3,2014.0,0.0,Unstable
CD013366,4,2018.0,0.0,Unstable
CD013366,5,2018.0,0.0,Unstable
CD013366,6,2020.0,0.0,Unstable
CD013366,7,2020.0,0.0,Unstable
CD013396,3,2015.0,0.0,Unstable
CD013396,4,2015.0,0.0,Unstable
CD013396,5,2021.0,0.0,Unstable
CD013396,6,2021.0,0.0,Unstable
CD013396,7,2021.0,0.0,Unstable
CD013396,8,2021.0,0.0,Unstable
CD013396,9,2021.0,0.0,Unstable
CD013396,10,2021.0,0.0,Unstable
CD013396,11,2021.0,0.0,Unstable
CD013396,12,2021.0,50.0,Fragile
CD013396,13,2021.0,0.0,Unstable
CD013396,14,2021.0,0.0,Unstable
CD013396,15,2021.0,0.0,Unstable
CD013396,16,2021.0,0.0,Unstable
CD013408,3,2020.0,50.0,Fragile
CD013408,4,2020.0,12.5,Unstable
CD013408,5,2020.0,75.0,Moderate
CD013414,3,2017.0,0.0,Unstable
CD013414,4,2017.0,62.5,Fragile
CD013414,5,2018.0,62.5,Fragile
CD013414,6,2018.0,62.5,Fragile
CD013414,7,2018.0,100.0,Robust
CD013414,8,2018.0,100.0,Robust
CD013414,9,2018.0,100.0,Robust
CD013414,10,2018.0,100.0,Robust
CD013414,11,2022.0,100.0,Robust
CD013414,12,2022.0,100.0,Robust
CD013414,13,2022.0,100.0,Robust
CD013414,14,2022.0,100.0,Robust
CD013414,15,2022.0,100.0,Robust
CD013421,3,2002.0,0.0,Unstable
CD013421,4,2003.0,25.0,Unstable
CD013421,5,2003.0,37.5,Unstable
CD013421,6,2003.0,75.0,Moderate
CD013421,7,2004.0,100.0,Robust
CD013421,8,2010.0,100.0,Robust
CD013421,9,2011.0,100.0,Robust
CD013421,10,2012.0,100.0,Robust
CD013421,11,2012.0,100.0,Robust
CD013421,12,2014.0,100.0,Robust
CD013421,13,2014.0,100.0,Robust
CD013421,14,2017.0,100.0,Robust
CD013421,15,2019.0,100.0,Robust
CD013425,3,1998.0,50.0,Fragile
CD013425,4,1998.0,50.0,Fragile
CD013425,5,2000.0,100.0,Robust
CD013425,6,2001.0,100.0,Robust
CD013425,7,2002.0,100.0,Robust
CD013425,8,2002.0,100.0,Robust
CD013425,9,2003.0,100.0,Robust
CD013425,10,2003.0,100.0,Robust
CD013425,11,2004.0,100.0,Robust
CD013425,12,2005.0,100.0,Robust
CD013425,13,2006.0,100.0,Robust
CD013425,14,2006.0,100.0,Robust
CD013425,15,2006.0,100.0,Robust
CD013425,16,2006.0,100.0,Robust
CD013425,17,2007.0,100.0,Robust
CD013425,18,2010.0,100.0,Robust
CD013425,19,2012.0,100.0,Robust
CD013425,20,2012.0,100.0,Robust
CD013425,21,2012.0,100.0,Robust
CD013445,3,2012.0,0.0,Unstable
CD013445,4,2012.0,25.0,Unstable
CD013445,5,2013.0,0.0,Unstable
CD013445,6,2015.0,0.0,Unstable
CD013445,7,2015.0,0.0,Unstable
CD013445,8,2016.0,37.5,Unstable
CD013445,9,2016.0,37.5,Unstable
CD013445,10,2016.0,0.0,Unstable
CD013445,11,2016.0,0.0,Unstable
CD013445,12,2016.0,50.0,Fragile
CD013445,13,2016.0,75.0,Moderate
CD013445,14,2016.0,75.0,Moderate
CD013445,15,2017.0,75.0,Moderate
CD013445,16,2017.0,75.0,Moderate
CD013445,17,2017.0,75.0,Moderate
CD013445,18,2018.0,87.5,Moderate
CD013445,19,2018.0,100.0,Robust
CD013445,20,2018.0,100.0,Robust
CD013445,21,2018.0,100.0,Robust
CD013445,22,2018.0,100.0,Robust
CD013445,23,2018.0,100.0,Robust
CD013445,24,2018.0,100.0,Robust
CD013445,25,2019.0,100.0,Robust
CD013445,26,2019.0,100.0,Robust
CD013445,27,2019.0,100.0,Robust
CD013445,28,2019.0,100.0,Robust
CD013445,29,2020.0,100.0,Robust
CD013445,30,2020.0,100.0,Robust
CD013445,31,2020.0,100.0,Robust
CD013445,32,2020.0,100.0,Robust
CD013445,33,2020.0,100.0,Robust
CD013445,34,2021.0,100.0,Robust
CD013445,35,2021.0,100.0,Robust
CD013445,36,2021.0,100.0,Robust
CD013445,37,2021.0,100.0,Robust
CD013445,38,2022.0,100.0,Robust
CD013445,39,2022.0,100.0,Robust
CD013456,3,1999.0,0.0,Unstable
CD013456,4,2007.0,25.0,Unstable
CD013456,5,2008.0,12.5,Unstable
CD013456,6,2008.0,12.5,Unstable
CD013456,7,2013.0,50.0,Fragile
CD013456,8,2014.0,75.0,Moderate
CD013456,9,2014.0,62.5,Fragile
CD013456,10,2016.0,100.0,Robust
CD013456,11,2021.0,100.0,Robust
CD013456,12,2021.0,100.0,Robust
CD013462,3,2009.0,0.0,Unstable
CD013462,4,2015.0,0.0,Unstable
CD013462,5,2015.0,25.0,Unstable
CD013462,6,2015.0,25.0,Unstable
CD013462,7,2015.0,62.5,Fragile
CD013462,8,2016.0,25.0,Unstable
CD013462,9,2016.0,0.0,Unstable
CD013462,10,2018.0,0.0,Unstable
CD013462,11,2018.0,12.5,Unstable
CD013462,12,2018.0,12.5,Unstable
CD013462,13,2018.0,12.5,Unstable
CD013462,14,2022.0,25.0,Unstable
CD013462,15,2022.0,0.0,Unstable
CD013462,16,2023.0,0.0,Unstable
CD013462,17,2023.0,0.0,Unstable
CD013474,3,2016.0,0.0,Unstable
CD013474,4,2018.0,0.0,Unstable
CD013474,5,2018.0,0.0,Unstable
CD013474,6,2019.0,0.0,Unstable
CD013539,3,2019.0,0.0,Unstable
CD013539,4,2019.0,0.0,Unstable
CD013539,5,2019.0,0.0,Unstable
CD013539,6,2019.0,0.0,Unstable
CD013539,7,2019.0,0.0,Unstable
CD013539,8,2020.0,0.0,Unstable
CD013539,9,2020.0,0.0,Unstable
CD013539,10,2020.0,0.0,Unstable
CD013539,11,2020.0,0.0,Unstable
CD013539,12,2020.0,0.0,Unstable
CD013539,13,2020.0,0.0,Unstable
CD013539,14,2020.0,0.0,Unstable
CD013539,15,2020.0,0.0,Unstable
CD013539,16,2021.0,0.0,Unstable
CD013539,17,2021.0,0.0,Unstable
CD013539,18,2021.0,0.0,Unstable
CD013539,19,2021.0,0.0,Unstable
CD013539,20,2021.0,0.0,Unstable
CD013539,21,2021.0,0.0,Unstable
CD013539,22,2021.0,0.0,Unstable
CD013539,23,2021.0,0.0,Unstable
CD013539,24,2022.0,0.0,Unstable
CD013539,25,2022.0,0.0,Unstable
CD013539,26,2022.0,0.0,Unstable
CD013539,27,2022.0,0.0,Unstable
CD013539,28,2022.0,0.0,Unstable
CD013539,29,2023.0,0.0,Unstable
CD013541,3,2004.0,0.0,Unstable
CD013541,4,2005.0,0.0,Unstable
CD013541,5,2007.0,0.0,Unstable
CD013541,6,2008.0,0.0,Unstable
CD013541,7,2010.0,0.0,Unstable
CD013541,8,2013.0,0.0,Unstable
CD013561,3,2010.0,25.0,Unstable
CD013561,4,2012.0,0.0,Unstable
CD013561,5,2014.0,0.0,Unstable
CD013590,3,2012.0,50.0,Fragile
CD013590,4,2012.0,0.0,Unstable
CD013590,5,2012.0,0.0,Unstable
CD013591,3,2014.0,0.0,Unstable
CD013591,4,2018.0,0.0,Unstable
CD013591,5,2019.0,0.0,Unstable
CD013591,6,2019.0,0.0,Unstable
CD013591,7,2019.0,0.0,Unstable
CD013591,8,2019.0,0.0,Unstable
CD013591,9,2022.0,0.0,Unstable
CD013591,10,2022.0,0.0,Unstable
CD013591,11,2022.0,0.0,Unstable
CD013591,12,2023.0,50.0,Fragile
CD013591,13,2023.0,50.0,Fragile
CD013614,3,2005.0,100.0,Robust
CD013614,4,2005.0,100.0,Robust
CD013614,5,2005.0,100.0,Robust
CD013614,6,2007.0,100.0,Robust
CD013614,7,2009.0,100.0,Robust
CD013614,8,2010.0,100.0,Robust
CD013614,9,2014.0,100.0,Robust
CD013614,10,2017.0,100.0,Robust
CD013614,11,2017.0,100.0,Robust
CD013614,12,2017.0,100.0,Robust
CD013614,13,2018.0,100.0,Robust
CD013614,14,2021.0,100.0,Robust
CD013614,15,2023.0,100.0,Robust
CD013643,3,2021.0,50.0,Fragile
CD013643,4,2022.0,37.5,Unstable
CD013643,5,2023.0,75.0,Moderate
CD013643,6,42017.0,100.0,Robust
CD013672,3,2006.0,0.0,Unstable
CD013672,4,2006.0,0.0,Unstable
CD013672,5,2010.0,0.0,Unstable
CD013672,6,2014.0,37.5,Unstable
CD013672,7,2024.0,0.0,Unstable
CD013715,3,2008.0,50.0,Fragile
CD013715,4,2013.0,100.0,Robust
CD013715,5,2014.0,50.0,Fragile
CD013715,6,2015.0,100.0,Robust
CD013715,7,2022.0,100.0,Robust
CD013726,3,2007.0,0.0,Unstable
CD013726,4,2012.0,0.0,Unstable
CD013726,5,2013.0,0.0,Unstable
CD013726,6,2014.0,12.5,Unstable
CD013726,7,2014.0,0.0,Unstable
CD013726,8,2016.0,0.0,Unstable
CD013726,9,2016.0,0.0,Unstable
CD013726,10,2017.0,0.0,Unstable
CD013726,11,2018.0,0.0,Unstable
CD013726,12,2020.0,0.0,Unstable
CD013748,3,2003.0,0.0,Unstable
CD013748,4,2010.0,25.0,Unstable
CD013748,5,2013.0,50.0,Fragile
CD013748,6,2013.0,50.0,Fragile
CD013748,7,2014.0,50.0,Fragile
CD013748,8,0,50.0,Fragile
CD013757,3,2003.0,100.0,Robust
CD013757,4,2013.0,100.0,Robust
CD013757,5,2013.0,100.0,Robust
CD013757,6,2023.0,75.0,Moderate
CD013763,3,2018.0,0.0,Unstable
CD013763,4,2019.0,0.0,Unstable
CD013763,5,2019.0,12.5,Unstable
CD013763,6,2019.0,50.0,Fragile
CD013763,7,2019.0,25.0,Unstable
CD013763,8,2020.0,75.0,Moderate
CD013763,9,2020.0,100.0,Robust
CD013763,10,2020.0,100.0,Robust
CD013763,11,2020.0,100.0,Robust
CD013763,12,2020.0,100.0,Robust
CD013763,13,2020.0,100.0,Robust
CD013763,14,2020.0,100.0,Robust
CD013763,15,2020.0,100.0,Robust
CD013763,16,2020.0,100.0,Robust
CD013763,17,2020.0,100.0,Robust
CD013763,18,2020.0,100.0,Robust
CD013763,19,2020.0,100.0,Robust
CD013763,20,2021.0,100.0,Robust
CD013763,21,0,100.0,Robust
CD013773,3,2015.0,50.0,Fragile
CD013773,4,2015.0,50.0,Fragile
CD013773,5,2018.0,100.0,Robust
CD013773,6,2021.0,100.0,Robust
CD013773,7,2021.0,100.0,Robust
CD013781,3,2009.0,0.0,Unstable
CD013781,4,2011.0,0.0,Unstable
CD013781,5,2012.0,0.0,Unstable
CD013781,6,2014.0,50.0,Fragile
CD013781,7,2014.0,62.5,Fragile
CD013781,8,2014.0,100.0,Robust
CD013781,9,2014.0,100.0,Robust
CD013781,10,2016.0,100.0,Robust
CD013781,11,2017.0,100.0,Robust
CD013781,12,2017.0,100.0,Robust
CD013781,13,2018.0,100.0,Robust
CD013781,14,2020.0,100.0,Robust
CD013789,3,2004.0,0.0,Unstable
CD013789,4,2004.0,0.0,Unstable
CD013789,5,2004.0,0.0,Unstable
CD013789,6,2004.0,0.0,Unstable
CD013789,7,2004.0,0.0,Unstable
CD013789,8,2004.0,0.0,Unstable
CD013789,9,2010.0,0.0,Unstable
CD013789,10,2010.0,0.0,Unstable
CD013789,11,2010.0,0.0,Unstable
CD013789,12,2010.0,0.0,Unstable
CD013789,13,2010.0,0.0,Unstable
CD013789,14,2010.0,0.0,Unstable
CD013789,15,2010.0,0.0,Unstable
CD013789,16,2010.0,0.0,Unstable
CD013789,17,2010.0,0.0,Unstable
CD013789,18,2010.0,0.0,Unstable
CD013789,19,2010.0,0.0,Unstable
CD013789,20,2010.0,0.0,Unstable
CD013789,21,2010.0,0.0,Unstable
CD013789,22,2010.0,0.0,Unstable
CD013789,23,2010.0,0.0,Unstable
CD013789,24,2010.0,0.0,Unstable
CD013789,25,2010.0,0.0,Unstable
CD013789,26,2010.0,0.0,Unstable
CD013789,27,2010.0,0.0,Unstable
CD013789,28,2010.0,0.0,Unstable
CD013789,29,2010.0,0.0,Unstable
CD013789,30,2010.0,0.0,Unstable
CD013789,31,2020.0,12.5,Unstable
CD013789,32,2020.0,25.0,Unstable
CD013789,33,2020.0,12.5,Unstable
CD013789,34,2020.0,0.0,Unstable
CD013789,35,2020.0,0.0,Unstable
CD013789,36,2020.0,0.0,Unstable
CD013789,37,2020.0,0.0,Unstable
CD013789,38,2020.0,0.0,Unstable
CD013800,3,2001.0,0.0,Unstable
CD013800,4,2001.0,0.0,Unstable
CD013800,5,2002.0,25.0,Unstable
CD013800,6,2002.0,25.0,Unstable
CD013800,7,2002.0,25.0,Unstable
CD013800,8,2002.0,50.0,Fragile
CD013800,9,2003.0,62.5,Fragile
CD013800,10,2004.0,75.0,Moderate
CD013800,11,2005.0,37.5,Unstable
CD013800,12,2006.0,75.0,Moderate
CD013800,13,2007.0,87.5,Moderate
CD013800,14,2008.0,62.5,Fragile
CD013800,15,2009.0,25.0,Unstable
CD013800,16,2009.0,25.0,Unstable
CD013800,17,2009.0,25.0,Unstable
CD013800,18,2011.0,25.0,Unstable
CD013800,19,2011.0,25.0,Unstable
CD013800,20,2011.0,25.0,Unstable
CD013800,21,2012.0,25.0,Unstable
CD013800,22,2012.0,25.0,Unstable
CD013800,23,2012.0,25.0,Unstable
CD013800,24,2012.0,25.0,Unstable
CD013800,25,2012.0,25.0,Unstable
CD013800,26,2012.0,25.0,Unstable
CD013800,27,2013.0,25.0,Unstable
CD013800,28,2013.0,50.0,Fragile
CD013800,29,2014.0,37.5,Unstable
CD013800,30,2014.0,37.5,Unstable
CD013800,31,2014.0,75.0,Moderate
CD013800,32,2014.0,25.0,Unstable
CD013800,33,2016.0,25.0,Unstable
CD013800,34,2016.0,25.0,Unstable
CD013800,35,2016.0,25.0,Unstable
CD013800,36,2016.0,25.0,Unstable
CD013800,37,2017.0,25.0,Unstable
CD013800,38,2017.0,25.0,Unstable
CD013800,39,2018.0,25.0,Unstable
CD013800,40,2019.0,25.0,Unstable
CD013800,41,2019.0,25.0,Unstable
CD013800,42,2020.0,50.0,Fragile
CD013800,43,2020.0,100.0,Robust
CD013800,44,2022.0,100.0,Robust
CD013800,45,2022.0,100.0,Robust
CD013800,46,2022.0,100.0,Robust
CD013800,47,2023.0,100.0,Robust
CD013800,48,2023.0,100.0,Robust
CD013821,3,2005.0,37.5,Unstable
CD013821,4,2011.0,0.0,Unstable
CD013821,5,2011.0,0.0,Unstable
CD013821,6,2013.0,37.5,Unstable
CD013821,7,2013.0,50.0,Fragile
CD013821,8,2013.0,87.5,Moderate
CD013821,9,2014.0,87.5,Moderate
CD013821,10,2014.0,87.5,Moderate
CD013821,11,2016.0,100.0,Robust
CD013821,12,2017.0,87.5,Moderate
CD013821,13,2017.0,75.0,Moderate
CD013821,14,2018.0,87.5,Moderate
CD013821,15,2018.0,100.0,Robust
CD013821,16,2018.0,100.0,Robust
CD013821,17,2019.0,100.0,Robust
CD013821,18,2019.0,100.0,Robust
CD013821,19,2020.0,100.0,Robust
CD013821,20,2020.0,87.5,Moderate
CD013821,21,2020.0,87.5,Moderate
CD013821,22,2020.0,75.0,Moderate
CD013822,3,2002.0,50.0,Fragile
CD013822,4,2002.0,100.0,Robust
CD013822,5,2006.0,87.5,Moderate
CD013822,6,2006.0,100.0,Robust
CD013822,7,2006.0,100.0,Robust
CD013822,8,2006.0,100.0,Robust
CD013822,9,2006.0,100.0,Robust
CD013822,10,2006.0,100.0,Robust
CD013822,11,2006.0,100.0,Robust
CD013822,12,2006.0,100.0,Robust
CD013822,13,2006.0,100.0,Robust
CD013822,14,2006.0,100.0,Robust
CD013822,15,2020.0,100.0,Robust
CD013827,3,2017.0,50.0,Fragile
CD013827,4,2017.0,50.0,Fragile
CD013827,5,2017.0,50.0,Fragile
CD013827,6,2017.0,100.0,Robust
CD013827,7,2018.0,0.0,Unstable
CD013827,8,2018.0,0.0,Unstable
CD013827,9,2020.0,0.0,Unstable
CD013827,10,2020.0,0.0,Unstable
CD013827,11,2020.0,0.0,Unstable
CD013827,12,2020.0,0.0,Unstable
CD013827,13,2020.0,0.0,Unstable
CD013827,14,2020.0,0.0,Unstable
CD013830,3,1986.0,0.0,Unstable
CD013830,4,1988.0,0.0,Unstable
CD013830,5,1988.0,0.0,Unstable
CD013830,6,1990.0,50.0,Fragile
CD013830,7,2014.0,0.0,Unstable
CD013834,3,0,0.0,Unstable
CD013834,4,0,0.0,Unstable
CD013834,5,0,0.0,Unstable
CD013834,6,0,0.0,Unstable
CD013834,7,0,0.0,Unstable
CD013834,8,0,0.0,Unstable
CD013844,3,2015.0,0.0,Unstable
CD013844,4,2017.0,0.0,Unstable
CD013844,5,2017.0,0.0,Unstable
CD013844,6,2020.0,0.0,Unstable
CD013844,7,2020.0,0.0,Unstable
CD013844,8,2020.0,0.0,Unstable
CD013844,9,2021.0,0.0,Unstable
CD013875,3,2020.0,12.5,Unstable
CD013875,4,2021.0,62.5,Fragile
CD013875,5,2021.0,75.0,Moderate
CD013875,6,2022.0,100.0,Robust
CD013875,7,2022.0,100.0,Robust
CD013875,8,2022.0,100.0,Robust
CD013875,9,2022.0,100.0,Robust
CD014040,3,2012.0,50.0,Fragile
CD014040,4,2013.0,75.0,Moderate
CD014040,5,2016.0,87.5,Moderate
CD014040,6,2016.0,87.5,Moderate
CD014040,7,2016.0,100.0,Robust
CD014040,8,2016.0,100.0,Robust
CD014040,9,2017.0,87.5,Moderate
CD014040,10,2019.0,100.0,Robust
CD014040,11,2019.0,100.0,Robust
CD014040,12,2019.0,100.0,Robust
CD014040,13,2022.0,100.0,Robust
CD014040,14,2023.0,100.0,Robust
CD014089,3,2010.0,0.0,Unstable
CD014089,4,2011.0,50.0,Fragile
CD014089,5,2011.0,0.0,Unstable
CD014089,6,2017.0,50.0,Fragile
CD014145,3,1990.0,0.0,Unstable
CD014145,4,1990.0,0.0,Unstable
CD014145,5,1991.0,0.0,Unstable
CD014145,6,2000.0,0.0,Unstable
CD014300,3,2014.0,0.0,Unstable
CD014300,4,2015.0,0.0,Unstable
CD014300,5,2018.0,0.0,Unstable
CD014300,6,2018.0,0.0,Unstable
CD014300,7,2019.0,12.5,Unstable
CD014300,8,2020.0,50.0,Fragile
CD014300,9,2020.0,12.5,Unstable
CD014428,3,2017.0,25.0,Unstable
CD014428,4,2020.0,75.0,Moderate
CD014428,5,2022.0,100.0,Robust
CD014428,6,2024.0,100.0,Robust
CD014541,3,2013.0,100.0,Robust
CD014541,4,2016.0,100.0,Robust
CD014541,5,2018.0,100.0,Robust
CD014544,3,2019.0,0.0,Unstable
CD014544,4,2019.0,0.0,Unstable
CD014544,5,2019.0,0.0,Unstable
CD014544,6,2019.0,0.0,Unstable
CD014544,7,2019.0,0.0,Unstable
CD014544,8,0,0.0,Unstable
CD014544,9,0,0.0,Unstable
CD014544,10,0,0.0,Unstable
CD014544,11,0,0.0,Unstable
CD014544,12,0,0.0,Unstable
CD014585,3,2000.0,0.0,Unstable
CD014585,4,2002.0,0.0,Unstable
CD014585,5,2005.0,0.0,Unstable
CD014585,6,2006.0,0.0,Unstable
CD014585,7,2006.0,0.0,Unstable
CD014585,8,2007.0,0.0,Unstable
CD014585,9,2007.0,0.0,Unstable
CD014585,10,2014.0,0.0,Unstable
CD014585,11,2014.0,25.0,Unstable
CD014585,12,2014.0,25.0,Unstable
CD014594,3,2018.0,75.0,Moderate
CD014594,4,2018.0,100.0,Robust
CD014594,5,2020.0,100.0,Robust
CD014594,6,2020.0,100.0,Robust
CD014594,7,2022.0,100.0,Robust
CD014624,3,2017.0,0.0,Unstable
CD014624,4,2017.0,0.0,Unstable
CD014624,5,2017.0,0.0,Unstable
CD014624,6,2017.0,50.0,Fragile
CD014624,7,2017.0,100.0,Robust
CD014624,8,2017.0,50.0,Fragile
CD014624,9,2017.0,100.0,Robust
CD014624,10,2017.0,87.5,Moderate
CD014624,11,2017.0,100.0,Robust
CD014624,12,2017.0,100.0,Robust
CD014624,13,2017.0,100.0,Robust
CD014624,14,2017.0,100.0,Robust
CD014624,15,2017.0,100.0,Robust
CD014624,16,2017.0,100.0,Robust
CD014624,17,2018.0,100.0,Robust
CD014624,18,2018.0,100.0,Robust
CD014624,19,2018.0,100.0,Robust
CD014624,20,2018.0,100.0,Robust
CD014624,21,2018.0,100.0,Robust
CD014624,22,2018.0,100.0,Robust
CD014624,23,2018.0,100.0,Robust
CD014624,24,2018.0,100.0,Robust
CD014624,25,2018.0,100.0,Robust
CD014624,26,2018.0,100.0,Robust
CD014624,27,2018.0,100.0,Robust
CD014624,28,2018.0,100.0,Robust
CD014624,29,2018.0,100.0,Robust
CD014624,30,2018.0,100.0,Robust
CD014624,31,2018.0,100.0,Robust
CD014624,32,2018.0,100.0,Robust
CD014624,33,2018.0,100.0,Robust
CD014624,34,2018.0,100.0,Robust
CD014624,35,2018.0,100.0,Robust
CD014624,36,2018.0,100.0,Robust
CD014624,37,2018.0,100.0,Robust
CD014624,38,2018.0,100.0,Robust
CD014666,3,2011.0,25.0,Unstable
CD014666,4,2016.0,25.0,Unstable
CD014666,5,2018.0,0.0,Unstable
CD014666,6,2019.0,0.0,Unstable
CD014678,3,2009.0,0.0,Unstable
CD014678,4,2009.0,0.0,Unstable
CD014678,5,2009.0,0.0,Unstable
CD014678,6,2013.0,25.0,Unstable
CD014678,7,2013.0,12.5,Unstable
CD014678,8,2013.0,62.5,Fragile
CD014678,9,2016.0,75.0,Moderate
CD014678,10,2016.0,100.0,Robust
CD014713,3,2015.0,0.0,Unstable
CD014713,4,2019.0,0.0,Unstable
CD014713,5,2021.0,0.0,Unstable
CD014722,3,2014.0,0.0,Unstable
CD014722,4,2021.0,0.0,Unstable
CD014722,5,2021.0,0.0,Unstable
CD014722,6,2022.0,100.0,Robust
CD014741,3,2006.0,50.0,Fragile
CD014741,4,2006.0,50.0,Fragile
CD014741,5,2007.0,50.0,Fragile
CD014741,6,2007.0,100.0,Robust
CD014741,7,2008.0,100.0,Robust
CD014741,8,2010.0,100.0,Robust
CD014741,9,2010.0,100.0,Robust
CD014741,10,2012.0,100.0,Robust
CD014741,11,2015.0,100.0,Robust
CD014741,12,2015.0,100.0,Robust
CD014741,13,2015.0,87.5,Moderate
CD014758,3,1989.0,0.0,Unstable
CD014758,4,1991.0,0.0,Unstable
CD014758,5,1991.0,0.0,Unstable
CD014758,6,1998.0,25.0,Unstable
CD014758,7,1998.0,25.0,Unstable
CD014758,8,1998.0,62.5,Fragile
CD014758,9,2000.0,87.5,Moderate
CD014758,10,2000.0,100.0,Robust
CD014758,11,2001.0,100.0,Robust
CD014758,12,2002.0,100.0,Robust
CD014758,13,2002.0,100.0,Robust
CD014758,14,2009.0,100.0,Robust
CD014758,15,2010.0,100.0,Robust
CD014758,16,2010.0,100.0,Robust
CD014758,17,2010.0,100.0,Robust
CD014758,18,2011.0,100.0,Robust
CD014758,19,2011.0,100.0,Robust
CD014758,20,2011.0,100.0,Robust
CD014758,21,2012.0,100.0,Robust
CD014758,22,2022.0,100.0,Robust
CD014762,3,2017.0,0.0,Unstable
CD014762,4,2018.0,0.0,Unstable
CD014762,5,2018.0,0.0,Unstable
CD014762,6,2019.0,0.0,Unstable
CD014762,7,2019.0,0.0,Unstable
CD014763,3,2013.0,50.0,Fragile
CD014763,4,2014.0,100.0,Robust
CD014763,5,2016.0,100.0,Robust
CD014763,6,2017.0,100.0,Robust
CD014763,7,2018.0,100.0,Robust
CD014763,8,2019.0,100.0,Robust
CD014763,9,2021.0,100.0,Robust
CD014769,3,2002.0,0.0,Unstable
CD014769,4,2003.0,0.0,Unstable
CD014769,5,2004.0,0.0,Unstable
CD014769,6,2004.0,0.0,Unstable
CD014769,7,2004.0,0.0,Unstable
CD014769,8,2004.0,0.0,Unstable
CD014769,9,2005.0,0.0,Unstable
CD014769,10,2005.0,0.0,Unstable
CD014769,11,2006.0,0.0,Unstable
CD014769,12,2006.0,0.0,Unstable
CD014769,13,2006.0,0.0,Unstable
CD014769,14,2006.0,0.0,Unstable
CD014769,15,2007.0,0.0,Unstable
CD014769,16,2007.0,0.0,Unstable
CD014769,17,2008.0,0.0,Unstable
CD014769,18,2009.0,50.0,Fragile
CD014769,19,2009.0,50.0,Fragile
CD014769,20,2010.0,50.0,Fragile
CD014769,21,2010.0,50.0,Fragile
CD014769,22,2010.0,50.0,Fragile
CD014769,23,2011.0,0.0,Unstable
CD014769,24,2016.0,0.0,Unstable
CD014769,25,2016.0,87.5,Moderate
CD014769,26,2018.0,87.5,Moderate
CD014769,27,2023.0,100.0,Robust
CD014792,3,2000.0,0.0,Unstable
CD014792,4,2000.0,0.0,Unstable
CD014792,5,2010.0,0.0,Unstable
CD014792,6,2010.0,0.0,Unstable
CD014792,7,2011.0,0.0,Unstable
CD014792,8,2011.0,0.0,Unstable
CD014792,9,2014.0,0.0,Unstable
CD014792,10,2014.0,0.0,Unstable
CD014792,11,2014.0,0.0,Unstable
CD014803,3,2019.0,0.0,Unstable
CD014803,4,2020.0,0.0,Unstable
CD014803,5,2020.0,0.0,Unstable
CD014820,3,2007.0,0.0,Unstable
CD014820,4,2007.0,0.0,Unstable
CD014820,5,2010.0,0.0,Unstable
CD014820,6,2011.0,0.0,Unstable
CD014820,7,2012.0,0.0,Unstable
CD014820,8,2013.0,0.0,Unstable
CD014820,9,2013.0,0.0,Unstable
CD014820,10,2014.0,0.0,Unstable
CD014820,11,2015.0,0.0,Unstable
CD014820,12,2016.0,0.0,Unstable
CD014820,13,2016.0,0.0,Unstable
CD014820,14,2016.0,0.0,Unstable
CD014820,15,2017.0,0.0,Unstable
CD014820,16,2019.0,0.0,Unstable
CD014820,17,2021.0,0.0,Unstable
CD014833,3,2014.0,0.0,Unstable
CD014833,4,2016.0,12.5,Unstable
CD014833,5,2021.0,25.0,Unstable
CD014844,3,1995.0,0.0,Unstable
CD014844,4,2012.0,0.0,Unstable
CD014844,5,2019.0,0.0,Unstable
CD014844,6,2021.0,0.0,Unstable
CD014845,3,2012.0,0.0,Unstable
CD014845,4,2013.0,0.0,Unstable
CD014845,5,2013.0,0.0,Unstable
CD014845,6,2013.0,0.0,Unstable
CD014845,7,2014.0,100.0,Robust
CD014845,8,2014.0,100.0,Robust
CD014845,9,2014.0,100.0,Robust
CD014845,10,2015.0,100.0,Robust
CD014845,11,2016.0,100.0,Robust
CD014845,12,2016.0,100.0,Robust
CD014845,13,2018.0,100.0,Robust
CD014845,14,2019.0,100.0,Robust
CD014845,15,2020.0,100.0,Robust
CD014845,16,2020.0,100.0,Robust
CD014845,17,2021.0,100.0,Robust
CD014845,18,2021.0,100.0,Robust
CD014845,19,2022.0,100.0,Robust
CD014845,20,2023.0,100.0,Robust
CD014855,3,1992.0,0.0,Unstable
CD014855,4,2003.0,0.0,Unstable
CD014855,5,2011.0,0.0,Unstable
CD014855,6,2022.0,0.0,Unstable
CD014855,7,2023.0,0.0,Unstable
CD014869,3,1995.0,12.5,Unstable
CD014869,4,1998.0,0.0,Unstable
CD014869,5,2000.0,0.0,Unstable
CD014869,6,2005.0,0.0,Unstable
CD014869,7,0,0.0,Unstable
CD014869,8,0,0.0,Unstable
CD014871,3,2012.0,0.0,Unstable
CD014871,4,2012.0,0.0,Unstable
CD014871,5,2014.0,0.0,Unstable
CD014871,6,2014.0,62.5,Fragile
CD014871,7,2020.0,100.0,Robust
CD014871,8,2022.0,100.0,Robust
CD014872,3,0,50.0,Fragile
CD014872,4,0,100.0,Robust
CD014872,5,0,100.0,Robust
CD014872,6,2017.0,100.0,Robust
CD014872,7,2018.0,100.0,Robust
CD014872,8,2019.0,100.0,Robust
CD014872,9,2020.0,100.0,Robust
CD014872,10,2020.0,100.0,Robust
CD014872,11,2022.0,100.0,Robust
CD014872,12,2022.0,100.0,Robust
CD014872,13,2024.0,100.0,Robust
CD014889,3,2012.0,50.0,Fragile
CD014889,4,2021.0,50.0,Fragile
CD014889,5,2023.0,100.0,Robust
CD014914,3,1992.0,50.0,Fragile
CD014914,4,1996.0,100.0,Robust
CD014914,5,1998.0,75.0,Moderate
CD014914,6,1998.0,100.0,Robust
CD014914,7,2000.0,100.0,Robust
CD014914,8,2000.0,100.0,Robust
CD014914,9,2000.0,100.0,Robust
CD014914,10,2000.0,100.0,Robust
CD014914,11,2001.0,100.0,Robust
CD014914,12,2003.0,100.0,Robust
CD014914,13,2006.0,100.0,Robust
CD014914,14,2008.0,100.0,Robust
CD014914,15,2012.0,100.0,Robust
CD014914,16,2020.0,100.0,Robust
CD014932,3,2006.0,0.0,Unstable
CD014932,4,2015.0,0.0,Unstable
CD014932,5,2016.0,25.0,Unstable
CD014932,6,2017.0,12.5,Unstable
CD014932,7,2017.0,25.0,Unstable
CD014937,3,1987.0,100.0,Robust
CD014937,4,1987.0,100.0,Robust
CD014937,5,1994.0,100.0,Robust
CD014937,6,1994.0,100.0,Robust
CD014937,7,1998.0,100.0,Robust
CD014937,8,2000.0,100.0,Robust
CD014937,9,2000.0,100.0,Robust
CD014937,10,2006.0,100.0,Robust
CD014937,11,2006.0,100.0,Robust
CD014937,12,2006.0,100.0,Robust
CD014937,13,2007.0,100.0,Robust
CD014937,14,2007.0,100.0,Robust
CD014937,15,2008.0,100.0,Robust
CD014937,16,2008.0,100.0,Robust
CD014937,17,2008.0,100.0,Robust
CD014937,18,2009.0,100.0,Robust
CD014937,19,2009.0,100.0,Robust
CD014937,20,2009.0,100.0,Robust
CD014937,21,2009.0,100.0,Robust
CD014937,22,2009.0,100.0,Robust
CD014937,23,2009.0,100.0,Robust
CD014937,24,2011.0,100.0,Robust
CD014937,25,2011.0,100.0,Robust
CD014937,26,2012.0,100.0,Robust
CD014937,27,2012.0,100.0,Robust
CD014937,28,2012.0,100.0,Robust
CD014937,29,2012.0,100.0,Robust
CD014937,30,2014.0,100.0,Robust
CD014937,31,2014.0,100.0,Robust
CD014937,32,2015.0,100.0,Robust
CD014937,33,2015.0,100.0,Robust
CD014937,34,2017.0,100.0,Robust
CD014937,35,2017.0,100.0,Robust
CD014937,36,2017.0,100.0,Robust
CD014937,37,2017.0,100.0,Robust
CD014937,38,2017.0,100.0,Robust
CD014937,39,2017.0,100.0,Robust
CD014937,40,2018.0,100.0,Robust
CD014937,41,2018.0,100.0,Robust
CD014937,42,2018.0,100.0,Robust
CD014937,43,2018.0,100.0,Robust
CD014937,44,2019.0,100.0,Robust
CD014937,45,2019.0,100.0,Robust
CD014937,46,2020.0,100.0,Robust
CD014937,47,2021.0,100.0,Robust
CD014937,48,2021.0,100.0,Robust
CD014937,49,2021.0,100.0,Robust
CD014937,50,2021.0,100.0,Robust
CD014937,51,2021.0,100.0,Robust
CD014937,52,2021.0,100.0,Robust
CD014937,53,2021.0,100.0,Robust
CD014937,54,2021.0,100.0,Robust
CD014937,55,2021.0,100.0,Robust
CD014937,56,2021.0,100.0,Robust
CD014937,57,2022.0,100.0,Robust
CD014937,58,2022.0,100.0,Robust
CD014937,59,2022.0,100.0,Robust
CD014937,60,2022.0,100.0,Robust
CD014937,61,2023.0,100.0,Robust
CD014937,62,2023.0,100.0,Robust
CD014937,63,2023.0,100.0,Robust
CD014937,64,2023.0,100.0,Robust
CD014937,65,2024.0,100.0,Robust
CD014937,66,2024.0,100.0,Robust
CD014959,3,2000.0,0.0,Unstable
CD014959,4,2008.0,0.0,Unstable
CD014959,5,2018.0,0.0,Unstable
CD014964,3,0,12.5,Unstable
CD014964,4,0,62.5,Fragile
CD014964,5,0,62.5,Fragile
CD014964,6,0,25.0,Unstable
CD014964,7,0,12.5,Unstable
CD014964,8,0,12.5,Unstable
CD014964,9,0,25.0,Unstable
CD014964,10,0,37.5,Unstable
CD014964,11,0,87.5,Moderate
CD014964,12,0,100.0,Robust
CD014964,13,0,100.0,Robust
CD014964,14,0,100.0,Robust
CD014964,15,0,100.0,Robust
CD014964,16,0,100.0,Robust
CD014964,17,0,100.0,Robust
CD014964,18,0,100.0,Robust
CD014964,19,0,100.0,Robust
CD014964,20,0,100.0,Robust
CD014964,21,0,100.0,Robust
CD014964,22,0,100.0,Robust
CD014964,23,0,100.0,Robust
CD014964,24,0,100.0,Robust
CD014964,25,0,100.0,Robust
CD014964,26,0,100.0,Robust
CD014964,27,0,100.0,Robust
CD014964,28,0,100.0,Robust
CD014964,29,0,100.0,Robust
CD014964,30,0,100.0,Robust
CD014964,31,0,100.0,Robust
CD014964,32,0,100.0,Robust
CD014964,33,0,100.0,Robust
CD014964,34,0,100.0,Robust
CD014964,35,0,100.0,Robust
CD014964,36,0,100.0,Robust
CD014964,37,0,100.0,Robust
CD014964,38,0,100.0,Robust
CD014964,39,0,100.0,Robust
CD014964,40,0,100.0,Robust
CD014964,41,0,100.0,Robust
CD014964,42,0,100.0,Robust
CD014964,43,0,100.0,Robust
CD014964,44,0,100.0,Robust
CD014964,45,0,100.0,Robust
CD014964,46,0,100.0,Robust
CD014964,47,0,100.0,Robust
CD014964,48,0,100.0,Robust
CD014964,49,0,100.0,Robust
CD014964,50,0,100.0,Robust
CD014964,51,0,100.0,Robust
CD014964,52,0,100.0,Robust
CD014964,53,0,100.0,Robust
CD014964,54,0,100.0,Robust
CD014965,3,2009.0,50.0,Fragile
CD014965,4,2009.0,100.0,Robust
CD014965,5,2009.0,100.0,Robust
CD014965,6,2013.0,100.0,Robust
CD014965,7,2016.0,100.0,Robust
CD014965,8,2017.0,100.0,Robust
CD014966,3,2010.0,0.0,Unstable
CD014966,4,2010.0,0.0,Unstable
CD014966,5,2014.0,0.0,Unstable
CD014966,6,2014.0,0.0,Unstable
CD014966,7,2018.0,25.0,Unstable
CD014966,8,2018.0,25.0,Unstable
CD014966,9,2018.0,25.0,Unstable
CD014966,10,2018.0,0.0,Unstable
CD014966,11,2018.0,25.0,Unstable
CD014966,12,2019.0,25.0,Unstable
CD014966,13,2019.0,50.0,Fragile
CD014966,14,2019.0,62.5,Fragile
CD014966,15,2019.0,25.0,Unstable
CD014966,16,2019.0,37.5,Unstable
CD014966,17,2019.0,25.0,Unstable
CD014966,18,2020.0,37.5,Unstable
CD014966,19,2020.0,50.0,Fragile
CD014966,20,2021.0,50.0,Fragile
CD014966,21,2021.0,50.0,Fragile
CD014966,22,2021.0,50.0,Fragile
CD014966,23,2021.0,50.0,Fragile
CD014966,24,2022.0,50.0,Fragile
CD014966,25,2022.0,50.0,Fragile
CD014966,26,2023.0,37.5,Unstable
CD014966,27,2023.0,25.0,Unstable
CD014966,28,2023.0,25.0,Unstable
CD014967,3,2019.0,0.0,Unstable
CD014967,4,2019.0,0.0,Unstable
CD014967,5,2022.0,0.0,Unstable
CD015003,3,1988.0,50.0,Fragile
CD015003,4,1988.0,50.0,Fragile
CD015003,5,1994.0,0.0,Unstable
CD015003,6,1995.0,0.0,Unstable
CD015003,7,2001.0,0.0,Unstable
CD015003,8,2002.0,25.0,Unstable
CD015003,9,2002.0,0.0,Unstable
CD015003,10,2018.0,37.5,Unstable
CD015014,3,2005.0,0.0,Unstable
CD015014,4,2005.0,0.0,Unstable
CD015014,5,2006.0,0.0,Unstable
CD015014,6,2008.0,0.0,Unstable
CD015014,7,2008.0,0.0,Unstable
CD015014,8,2010.0,0.0,Unstable
CD015014,9,2011.0,0.0,Unstable
CD015014,10,2012.0,0.0,Unstable
CD015014,11,2013.0,0.0,Unstable
CD015014,12,2014.0,0.0,Unstable
CD015014,13,2015.0,0.0,Unstable
CD015014,14,2016.0,0.0,Unstable
CD015014,15,2017.0,0.0,Unstable
CD015014,16,2018.0,0.0,Unstable
CD015014,17,2018.0,0.0,Unstable
CD015014,18,2018.0,0.0,Unstable
CD015014,19,2019.0,0.0,Unstable
CD015014,20,2020.0,0.0,Unstable
CD015014,21,2020.0,0.0,Unstable
CD015014,22,2020.0,0.0,Unstable
CD015014,23,2020.0,0.0,Unstable
CD015014,24,2022.0,0.0,Unstable
CD015038,3,2015.0,12.5,Unstable
CD015038,4,2019.0,12.5,Unstable
CD015038,5,2019.0,62.5,Fragile
CD015038,6,2019.0,87.5,Moderate
CD015038,7,2020.0,100.0,Robust
CD015038,8,2020.0,100.0,Robust
CD015038,9,2021.0,100.0,Robust
CD015040,3,2019.0,50.0,Fragile
CD015040,4,2019.0,37.5,Unstable
CD015040,5,2020.0,62.5,Fragile
CD015040,6,2020.0,87.5,Moderate
CD015040,7,2021.0,0.0,Unstable
CD015042,3,2007.0,0.0,Unstable
CD015042,4,2011.0,0.0,Unstable
CD015042,5,2014.0,0.0,Unstable
CD015042,6,2014.0,0.0,Unstable
CD015042,7,0,0.0,Unstable
CD015083,3,1997.0,0.0,Unstable
CD015083,4,1998.0,0.0,Unstable
CD015083,5,1998.0,0.0,Unstable
CD015083,6,2000.0,25.0,Unstable
CD015083,7,2002.0,0.0,Unstable
CD015083,8,2002.0,25.0,Unstable
CD015083,9,2003.0,50.0,Fragile
CD015083,10,2003.0,50.0,Fragile
CD015083,11,2004.0,50.0,Fragile
CD015083,12,2004.0,100.0,Robust
CD015083,13,2006.0,100.0,Robust
CD015083,14,2008.0,100.0,Robust
CD015083,15,2008.0,100.0,Robust
CD015083,16,2008.0,100.0,Robust
CD015083,17,2009.0,100.0,Robust
CD015083,18,2009.0,100.0,Robust
CD015083,19,2009.0,100.0,Robust
CD015083,20,2009.0,100.0,Robust
CD015083,21,2011.0,100.0,Robust
CD015083,22,2011.0,100.0,Robust
CD015083,23,2011.0,100.0,Robust
CD015083,24,2012.0,100.0,Robust
CD015083,25,2012.0,100.0,Robust
CD015083,26,2012.0,100.0,Robust
CD015083,27,2014.0,100.0,Robust
CD015083,28,2014.0,100.0,Robust
CD015083,29,2015.0,100.0,Robust
CD015083,30,2017.0,100.0,Robust
CD015083,31,2017.0,100.0,Robust
CD015083,32,2017.0,100.0,Robust
CD015083,33,2018.0,100.0,Robust
CD015083,34,2018.0,100.0,Robust
CD015083,35,2018.0,100.0,Robust
CD015083,36,2019.0,100.0,Robust
CD015083,37,2019.0,100.0,Robust
CD015083,38,2019.0,100.0,Robust
CD015083,39,2019.0,100.0,Robust
CD015083,40,2019.0,100.0,Robust
CD015083,41,2019.0,100.0,Robust
CD015083,42,2020.0,100.0,Robust
CD015083,43,2020.0,100.0,Robust
CD015083,44,2020.0,100.0,Robust
CD015083,45,2020.0,100.0,Robust
CD015083,46,2020.0,100.0,Robust
CD015083,47,2020.0,100.0,Robust
CD015083,48,2021.0,100.0,Robust
CD015083,49,2021.0,100.0,Robust
CD015083,50,2021.0,100.0,Robust
CD015083,51,2021.0,100.0,Robust
CD015083,52,2021.0,100.0,Robust
CD015083,53,2021.0,100.0,Robust
CD015083,54,2022.0,100.0,Robust
CD015083,55,2022.0,100.0,Robust
CD015083,56,2022.0,100.0,Robust
CD015083,57,2022.0,100.0,Robust
CD015083,58,2022.0,100.0,Robust
CD015083,59,2022.0,100.0,Robust
CD015083,60,2023.0,100.0,Robust
CD015083,61,2023.0,100.0,Robust
CD015083,62,2023.0,100.0,Robust
CD015083,63,2023.0,100.0,Robust
CD015083,64,2023.0,100.0,Robust
CD015083,65,2023.0,100.0,Robust
CD015083,66,2023.0,100.0,Robust
CD015083,67,2024.0,100.0,Robust
CD015087,3,0,0.0,Unstable
CD015087,4,0,0.0,Unstable
CD015087,5,0,50.0,Fragile
CD015087,6,0,0.0,Unstable
CD015087,7,0,25.0,Unstable
CD015120,3,2015.0,0.0,Unstable
CD015120,4,2016.0,0.0,Unstable
CD015120,5,2022.0,0.0,Unstable
CD015122,3,2017.0,50.0,Fragile
CD015122,4,2018.0,50.0,Fragile
CD015122,5,2018.0,62.5,Fragile
CD015122,6,2018.0,62.5,Fragile
CD015122,7,2019.0,62.5,Fragile
CD015122,8,2021.0,100.0,Robust
CD015122,9,2021.0,100.0,Robust
CD015124,3,2007.0,50.0,Fragile
CD015124,4,2012.0,100.0,Robust
CD015124,5,2012.0,100.0,Robust
CD015124,6,2013.0,100.0,Robust
CD015124,7,2014.0,100.0,Robust
CD015124,8,2019.0,100.0,Robust
CD015134,3,2022.0,0.0,Unstable
CD015134,4,2023.0,0.0,Unstable
CD015134,5,2023.0,0.0,Unstable
CD015134,6,2023.0,25.0,Unstable
CD015140,3,2014.0,0.0,Unstable
CD015140,4,2022.0,0.0,Unstable
CD015140,5,2024.0,0.0,Unstable
CD015192,3,1993.0,0.0,Unstable
CD015192,4,1997.0,0.0,Unstable
CD015192,5,1999.0,0.0,Unstable
CD015192,6,1999.0,0.0,Unstable
CD015213,3,2005.0,0.0,Unstable
CD015213,4,2005.0,0.0,Unstable
CD015213,5,2006.0,25.0,Unstable
CD015213,6,2010.0,75.0,Moderate
CD015213,7,2012.0,100.0,Robust
CD015213,8,2012.0,100.0,Robust
CD015213,9,2013.0,100.0,Robust
CD015213,10,2014.0,100.0,Robust
CD015213,11,2014.0,100.0,Robust
CD015213,12,2020.0,100.0,Robust
CD015219,3,2020.0,0.0,Unstable
CD015219,4,2021.0,12.5,Unstable
CD015219,5,2021.0,37.5,Unstable
CD015219,6,2021.0,0.0,Unstable
CD015219,7,2021.0,0.0,Unstable
CD015219,8,2021.0,37.5,Unstable
CD015219,9,2021.0,87.5,Moderate
CD015219,10,2021.0,87.5,Moderate
CD015219,11,2021.0,87.5,Moderate
CD015219,12,2022.0,100.0,Robust
CD015219,13,2022.0,100.0,Robust
CD015219,14,2022.0,100.0,Robust
CD015219,15,2022.0,87.5,Moderate
CD015219,16,2022.0,87.5,Moderate
CD015219,17,2023.0,100.0,Robust
CD015219,18,2023.0,100.0,Robust
CD015229,3,2004.0,50.0,Fragile
CD015229,4,2008.0,100.0,Robust
CD015229,5,2011.0,100.0,Robust
CD015229,6,2013.0,100.0,Robust
CD015229,7,2014.0,100.0,Robust
CD015229,8,2020.0,100.0,Robust
CD015229,9,2021.0,100.0,Robust
CD015252,3,0,50.0,Fragile
CD015252,4,0,50.0,Fragile
CD015252,5,0,50.0,Fragile
CD015252,6,0,100.0,Robust
CD015252,7,0,100.0,Robust
CD015254,3,1989.0,25.0,Unstable
CD015254,4,1990.0,0.0,Unstable
CD015254,5,1990.0,25.0,Unstable
CD015254,6,1991.0,25.0,Unstable
CD015254,7,1996.0,37.5,Unstable
CD015254,8,1997.0,50.0,Fragile
CD015254,9,1997.0,75.0,Moderate
CD015254,10,1997.0,75.0,Moderate
CD015255,3,0,50.0,Fragile
CD015255,4,0,25.0,Unstable
CD015255,5,0,62.5,Fragile
CD015255,6,1984.0,87.5,Moderate
CD015255,7,2018.0,37.5,Unstable
CD015284,3,2020.0,100.0,Robust
CD015284,4,2021.0,37.5,Unstable
CD015284,5,2023.0,62.5,Fragile
CD015314,3,1999.0,25.0,Unstable
CD015314,4,1999.0,62.5,Fragile
CD015314,5,2002.0,75.0,Moderate
CD015314,6,2002.0,100.0,Robust
CD015314,7,2003.0,100.0,Robust
CD015314,8,2004.0,100.0,Robust
CD015314,9,2007.0,100.0,Robust
CD015314,10,2008.0,100.0,Robust
CD015314,11,2009.0,100.0,Robust
CD015314,12,2010.0,100.0,Robust
CD015314,13,2013.0,100.0,Robust
CD015314,14,2015.0,100.0,Robust
CD015314,15,2015.0,100.0,Robust
CD015314,16,2015.0,100.0,Robust
CD015314,17,2020.0,100.0,Robust
CD015314,18,2021.0,100.0,Robust
CD015314,19,2022.0,100.0,Robust
CD015314,20,2024.0,100.0,Robust
CD015314,21,2024.0,100.0,Robust
CD015326,3,2012.0,50.0,Fragile
CD015326,4,2012.0,100.0,Robust
CD015326,5,2015.0,62.5,Fragile
CD015326,6,2016.0,62.5,Fragile
CD015326,7,2016.0,100.0,Robust
CD015326,8,2017.0,87.5,Moderate
CD015326,9,2017.0,100.0,Robust
CD015326,10,2018.0,100.0,Robust
CD015326,11,2018.0,100.0,Robust
CD015326,12,2019.0,100.0,Robust
CD015326,13,2021.0,100.0,Robust
CD015326,14,2021.0,100.0,Robust
CD015326,15,2021.0,100.0,Robust
CD015326,16,2022.0,100.0,Robust
CD015328,3,2003.0,0.0,Unstable
CD015328,4,2003.0,0.0,Unstable
CD015328,5,2005.0,0.0,Unstable
CD015328,6,2008.0,0.0,Unstable
CD015328,7,2009.0,0.0,Unstable
CD015328,8,2010.0,0.0,Unstable
CD015328,9,2010.0,0.0,Unstable
CD015328,10,2011.0,0.0,Unstable
CD015328,11,2011.0,0.0,Unstable
CD015328,12,2012.0,0.0,Unstable
CD015328,13,2013.0,12.5,Unstable
CD015328,14,2013.0,12.5,Unstable
CD015328,15,2013.0,0.0,Unstable
CD015328,16,2014.0,0.0,Unstable
CD015328,17,2014.0,0.0,Unstable
CD015328,18,2014.0,12.5,Unstable
CD015328,19,2016.0,25.0,Unstable
CD015328,20,2017.0,25.0,Unstable
CD015328,21,2017.0,25.0,Unstable
CD015328,22,2018.0,25.0,Unstable
CD015328,23,2019.0,25.0,Unstable
CD015328,24,2019.0,25.0,Unstable
CD015328,25,2019.0,25.0,Unstable
CD015328,26,2021.0,25.0,Unstable
CD015328,27,2022.0,50.0,Fragile
CD015330,3,2009.0,0.0,Unstable
CD015330,4,2009.0,0.0,Unstable
CD015330,5,2010.0,0.0,Unstable
CD015330,6,2011.0,0.0,Unstable
CD015330,7,2013.0,0.0,Unstable
CD015330,8,2015.0,0.0,Unstable
CD015330,9,2018.0,0.0,Unstable
CD015330,10,2018.0,0.0,Unstable
CD015330,11,2018.0,0.0,Unstable
CD015331,3,2002.0,0.0,Unstable
CD015331,4,2002.0,0.0,Unstable
CD015331,5,2002.0,0.0,Unstable
CD015331,6,2003.0,0.0,Unstable
CD015331,7,2006.0,0.0,Unstable
CD015331,8,2006.0,0.0,Unstable
CD015331,9,2008.0,0.0,Unstable
CD015331,10,2008.0,0.0,Unstable
CD015331,11,2008.0,0.0,Unstable
CD015331,12,2008.0,0.0,Unstable
CD015331,13,2008.0,75.0,Moderate
CD015331,14,2008.0,100.0,Robust
CD015331,15,2008.0,100.0,Robust
CD015331,16,2008.0,100.0,Robust
CD015331,17,2008.0,100.0,Robust
CD015331,18,2009.0,87.5,Moderate
CD015331,19,2009.0,25.0,Unstable
CD015331,20,2009.0,0.0,Unstable
CD015331,21,2009.0,0.0,Unstable
CD015331,22,2012.0,0.0,Unstable
CD015331,23,2012.0,0.0,Unstable
CD015331,24,2013.0,0.0,Unstable
CD015331,25,2013.0,0.0,Unstable
CD015331,26,2014.0,0.0,Unstable
CD015331,27,2014.0,0.0,Unstable
CD015331,28,2014.0,25.0,Unstable
CD015331,29,2018.0,50.0,Fragile
CD015331,30,2018.0,25.0,Unstable
CD015331,31,2018.0,50.0,Fragile
CD015331,32,2019.0,50.0,Fragile
CD015331,33,2019.0,100.0,Robust
CD015331,34,2019.0,100.0,Robust
CD015331,35,2019.0,100.0,Robust
CD015331,36,2019.0,100.0,Robust
CD015331,37,2020.0,100.0,Robust
CD015331,38,2020.0,100.0,Robust
CD015331,39,2020.0,100.0,Robust
CD015331,40,2020.0,100.0,Robust
CD015331,41,2020.0,100.0,Robust
CD015331,42,2020.0,100.0,Robust
CD015331,43,2020.0,100.0,Robust
CD015331,44,2021.0,100.0,Robust
CD015331,45,2022.0,100.0,Robust
CD015331,46,0,100.0,Robust
CD015331,47,0,100.0,Robust
CD015331,48,0,100.0,Robust
CD015332,3,2020.0,0.0,Unstable
CD015332,4,2020.0,0.0,Unstable
CD015332,5,2020.0,0.0,Unstable
CD015350,3,1997.0,0.0,Unstable
CD015350,4,2000.0,0.0,Unstable
CD015350,5,2007.0,0.0,Unstable
CD015350,6,2007.0,0.0,Unstable
CD015350,7,2010.0,0.0,Unstable
CD015350,8,2013.0,0.0,Unstable
CD015350,9,2016.0,0.0,Unstable
CD015373,3,2003.0,0.0,Unstable
CD015373,4,2014.0,0.0,Unstable
CD015373,5,2019.0,0.0,Unstable
CD015383,3,2016.0,50.0,Fragile
CD015383,4,2016.0,100.0,Robust
CD015383,5,2022.0,100.0,Robust
CD015387,3,1998.0,12.5,Unstable
CD015387,4,1999.0,12.5,Unstable
CD015387,5,2002.0,62.5,Fragile
CD015387,6,2003.0,62.5,Fragile
CD015387,7,2003.0,62.5,Fragile
CD015387,8,2004.0,100.0,Robust
CD015387,9,2005.0,100.0,Robust
CD015387,10,2006.0,100.0,Robust
CD015387,11,2008.0,100.0,Robust
CD015387,12,2008.0,100.0,Robust
CD015387,13,2009.0,100.0,Robust
CD015387,14,2009.0,100.0,Robust
CD015387,15,2013.0,100.0,Robust
CD015387,16,2016.0,100.0,Robust
CD015387,17,2016.0,100.0,Robust
CD015387,18,2017.0,100.0,Robust
CD015387,19,2017.0,100.0,Robust
CD015387,20,2019.0,100.0,Robust
CD015387,21,2024.0,100.0,Robust
CD015432,3,1998.0,0.0,Unstable
CD015432,4,2003.0,0.0,Unstable
CD015432,5,2004.0,0.0,Unstable
CD015432,6,2005.0,0.0,Unstable
CD015432,7,2019.0,0.0,Unstable
CD015432,8,2020.0,0.0,Unstable
CD015443,3,2001.0,100.0,Robust
CD015443,4,2002.0,100.0,Robust
CD015443,5,2003.0,100.0,Robust
CD015443,6,2004.0,100.0,Robust
CD015443,7,2004.0,100.0,Robust
CD015443,8,2004.0,100.0,Robust
CD015443,9,2007.0,100.0,Robust
CD015443,10,2007.0,100.0,Robust
CD015443,11,2009.0,100.0,Robust
CD015443,12,2016.0,100.0,Robust
CD015443,13,2016.0,100.0,Robust
CD015443,14,2017.0,100.0,Robust
CD015443,15,2017.0,100.0,Robust
CD015443,16,2018.0,100.0,Robust
CD015443,17,2018.0,100.0,Robust
CD015443,18,2020.0,100.0,Robust
CD015443,19,2020.0,100.0,Robust
CD015448,3,2022.0,0.0,Unstable
CD015448,4,2022.0,0.0,Unstable
CD015448,5,2022.0,0.0,Unstable
CD015448,6,2022.0,50.0,Fragile
CD015448,7,2022.0,0.0,Unstable
CD015476,3,2020.0,0.0,Unstable
CD015476,4,2020.0,12.5,Unstable
CD015476,5,2020.0,50.0,Fragile
CD015476,6,2021.0,87.5,Moderate
CD015476,7,2021.0,62.5,Fragile
CD015476,8,2021.0,100.0,Robust
CD015476,9,2021.0,100.0,Robust
CD015476,10,2022.0,100.0,Robust
CD015476,11,2022.0,100.0,Robust
CD015476,12,2023.0,100.0,Robust
CD015476,13,2023.0,100.0,Robust
CD015476,14,2023.0,100.0,Robust
CD015476,15,2023.0,100.0,Robust
CD015518,3,2009.0,0.0,Unstable
CD015518,4,2013.0,50.0,Fragile
CD015518,5,2015.0,50.0,Fragile
CD015518,6,2015.0,100.0,Robust
CD015518,7,2015.0,100.0,Robust
CD015518,8,2019.0,100.0,Robust
CD015518,9,2019.0,100.0,Robust
CD015518,10,2020.0,100.0,Robust
CD015518,11,2020.0,100.0,Robust
CD015518,12,2020.0,100.0,Robust
CD015520,3,2016.0,0.0,Unstable
CD015520,4,2019.0,50.0,Fragile
CD015520,5,2021.0,100.0,Robust
CD015532,3,2021.0,0.0,Unstable
CD015532,4,2021.0,0.0,Unstable
CD015532,5,2021.0,0.0,Unstable
CD015532,6,2021.0,0.0,Unstable
CD015532,7,2021.0,0.0,Unstable
CD015532,8,2021.0,0.0,Unstable
CD015532,9,2022.0,0.0,Unstable
CD015532,10,2022.0,0.0,Unstable
CD015532,11,2022.0,0.0,Unstable
CD015536,3,2008.0,0.0,Unstable
CD015536,4,2014.0,0.0,Unstable
CD015536,5,2016.0,0.0,Unstable
CD015536,6,2016.0,0.0,Unstable
CD015536,7,2016.0,0.0,Unstable
CD015536,8,2018.0,0.0,Unstable
CD015536,9,2018.0,0.0,Unstable
CD015536,10,2021.0,0.0,Unstable
CD015584,3,2011.0,0.0,Unstable
CD015584,4,2012.0,0.0,Unstable
CD015584,5,2013.0,0.0,Unstable
CD015584,6,2013.0,0.0,Unstable
CD015584,7,2013.0,0.0,Unstable
CD015584,8,2014.0,0.0,Unstable
CD015584,9,2015.0,0.0,Unstable
CD015584,10,2017.0,0.0,Unstable
CD015584,11,2018.0,0.0,Unstable
CD015584,12,2020.0,0.0,Unstable
CD015584,13,2022.0,0.0,Unstable
CD015588,3,2013.0,50.0,Fragile
CD015588,4,2014.0,75.0,Moderate
CD015588,5,2014.0,100.0,Robust
CD015588,6,2016.0,100.0,Robust
CD015588,7,2017.0,100.0,Robust
CD015588,8,2018.0,100.0,Robust
CD015588,9,2018.0,100.0,Robust
CD015588,10,2018.0,100.0,Robust
CD015588,11,2019.0,100.0,Robust
CD015588,12,2020.0,100.0,Robust
CD015588,13,2020.0,100.0,Robust
CD015588,14,2020.0,100.0,Robust
CD015588,15,2021.0,100.0,Robust
CD015588,16,2022.0,100.0,Robust
CD015636,3,2021.0,100.0,Robust
CD015636,4,2021.0,100.0,Robust
CD015636,5,2021.0,100.0,Robust
CD015673,3,2001.0,0.0,Unstable
CD015673,4,2004.0,0.0,Unstable
CD015673,5,2005.0,0.0,Unstable
CD015673,6,2006.0,0.0,Unstable
CD015673,7,2007.0,50.0,Fragile
CD015673,8,2008.0,0.0,Unstable
CD015673,9,2008.0,50.0,Fragile
CD015673,10,2008.0,50.0,Fragile
CD015673,11,2009.0,100.0,Robust
CD015673,12,2009.0,100.0,Robust
CD015673,13,2011.0,0.0,Unstable
CD015673,14,2014.0,0.0,Unstable
CD015721,3,2021.0,0.0,Unstable
CD015721,4,2021.0,0.0,Unstable
CD015721,5,2022.0,0.0,Unstable
CD015721,6,2022.0,0.0,Unstable
CD015746,3,2017.0,62.5,Fragile
CD015746,4,2021.0,100.0,Robust
CD015746,5,2021.0,100.0,Robust
CD015746,6,2024.0,100.0,Robust
CD015779,3,1952.0,0.0,Unstable
CD015779,4,1960.0,50.0,Fragile
CD015779,5,1966.0,50.0,Fragile
CD015779,6,1973.0,100.0,Robust
CD015786,3,2017.0,0.0,Unstable
CD015786,4,2017.0,0.0,Unstable
CD015786,5,2017.0,0.0,Unstable
CD015786,6,2017.0,0.0,Unstable
CD015786,7,2017.0,50.0,Fragile
CD015786,8,2017.0,100.0,Robust
CD015786,9,2017.0,100.0,Robust
CD015786,10,2017.0,100.0,Robust
CD015788,3,2012.0,25.0,Unstable
CD015788,4,2013.0,0.0,Unstable
CD015788,5,2015.0,0.0,Unstable
CD015788,6,2017.0,37.5,Unstable
CD015788,7,2018.0,37.5,Unstable
CD015788,8,2019.0,50.0,Fragile
CD015804,3,2021.0,0.0,Unstable
CD015804,4,2022.0,0.0,Unstable
CD015804,5,2022.0,0.0,Unstable
CD015804,6,2022.0,0.0,Unstable
CD015804,7,2023.0,0.0,Unstable
CD015804,8,2023.0,0.0,Unstable
CD015824,3,2014.0,50.0,Fragile
CD015824,4,2015.0,100.0,Robust
CD015824,5,2017.0,100.0,Robust
CD015849,3,2017.0,0.0,Unstable
CD015849,4,2017.0,37.5,Unstable
CD015849,5,2019.0,37.5,Unstable
CD015849,6,2024.0,62.5,Fragile
CD015849,7,2024.0,75.0,Moderate
CD015854,3,2013.0,0.0,Unstable
CD015854,4,2013.0,0.0,Unstable
CD015854,5,2013.0,0.0,Unstable
CD015894,3,2017.0,0.0,Unstable
CD015894,4,2019.0,50.0,Fragile
CD015894,5,2020.0,62.5,Fragile
CD015894,6,2021.0,100.0,Robust
CD015894,7,2023.0,100.0,Robust
CD015932,3,1996.0,50.0,Fragile
CD015932,4,2006.0,12.5,Unstable
CD015932,5,2011.0,50.0,Fragile
CD015932,6,2015.0,50.0,Fragile
CD015932,7,2018.0,87.5,Moderate
CD015932,8,2020.0,87.5,Moderate
CD015932,9,2021.0,100.0,Robust
CD015932,10,2023.0,100.0,Robust
CD016031,3,0,0.0,Unstable
CD016031,4,1981.0,0.0,Unstable
CD016031,5,1981.0,0.0,Unstable
CD016031,6,2015.0,0.0,Unstable
CD016031,7,2015.0,0.0,Unstable
CD016031,8,2015.0,0.0,Unstable
CD016031,9,2015.0,0.0,Unstable
CD016031,10,2015.0,0.0,Unstable
CD016031,11,2018.0,0.0,Unstable
CD016031,12,2018.0,0.0,Unstable
CD016031,13,2018.0,0.0,Unstable
CD016031,14,2018.0,0.0,Unstable
CD016031,15,2021.0,0.0,Unstable
CD016031,16,2021.0,0.0,Unstable
CD016031,17,2022.0,0.0,Unstable
CD016031,18,2022.0,0.0,Unstable
CD016031,19,2022.0,0.0,Unstable
CD016031,20,2023.0,0.0,Unstable
CD016031,21,2023.0,0.0,Unstable
CD016031,22,2023.0,0.0,Unstable
CD016031,23,2024.0,0.0,Unstable
CD016031,24,2024.0,0.0,Unstable
CD016031,25,2024.0,0.0,Unstable
CD016031,26,2024.0,0.0,Unstable
CD016031,27,2024.0,0.0,Unstable
CD016031,28,2024.0,0.0,Unstable
CD016064,3,1994.0,0.0,Unstable
CD016064,4,2009.0,0.0,Unstable
CD016064,5,2018.0,0.0,Unstable
CD016119,3,2006.0,0.0,Unstable
CD016119,4,2014.0,0.0,Unstable
CD016119,5,2015.0,0.0,Unstable
CD016119,6,2016.0,0.0,Unstable
CD016119,7,2016.0,0.0,Unstable
CD016119,8,2017.0,0.0,Unstable
CD016119,9,2019.0,0.0,Unstable
CD016119,10,2020.0,0.0,Unstable
CD016119,11,2021.0,0.0,Unstable
CD016119,12,2022.0,0.0,Unstable
CD016119,13,2022.0,0.0,Unstable
CD016119,14,2023.0,37.5,Unstable
CD016119,15,2023.0,50.0,Fragile
CD016119,16,0,75.0,Moderate
CD016131,3,2020.0,0.0,Unstable
CD016131,4,2020.0,50.0,Fragile
CD016131,5,2022.0,0.0,Unstable
CD016136,3,2003.0,50.0,Fragile
CD016136,4,2004.0,87.5,Moderate
CD016136,5,2004.0,100.0,Robust
CD016136,6,2006.0,100.0,Robust
CD016136,7,2008.0,100.0,Robust
CD016136,8,2012.0,100.0,Robust
CD016136,9,2015.0,100.0,Robust
CD016136,10,2015.0,100.0,Robust
CD016136,11,2016.0,100.0,Robust
CD016136,12,2016.0,100.0,Robust
CD016136,13,2016.0,100.0,Robust
CD016136,14,2017.0,100.0,Robust
CD016136,15,2017.0,100.0,Robust
CD016136,16,2017.0,100.0,Robust
CD016136,17,2017.0,100.0,Robust
CD016136,18,2017.0,100.0,Robust
CD016136,19,2017.0,100.0,Robust
CD016136,20,2017.0,100.0,Robust
CD016136,21,2018.0,100.0,Robust
CD016136,22,2020.0,100.0,Robust
CD016136,23,2021.0,100.0,Robust
CD016136,24,2021.0,100.0,Robust
CD016136,25,2021.0,100.0,Robust
CD016136,26,2021.0,100.0,Robust
CD016136,27,2021.0,100.0,Robust
CD016136,28,2021.0,100.0,Robust
CD016136,29,2021.0,100.0,Robust
CD016136,30,2022.0,100.0,Robust
CD016211,3,2021.0,0.0,Unstable
CD016211,4,2023.0,0.0,Unstable
CD016211,5,2023.0,100.0,Robust
